 
Insert into patient  
Values ( 'DHBKHN1',  'Nguyen Van Chang', 'M', '1989-07-13', 0123456789, 'Y', 'changnv@gmail.com', 'Ngo 1 Phan Dinh Giot'); 
Insert into patient  
Values ( 'DHBKHN2',  'Do Minh Hien', 'M', '1992-12-01', 0123456788, 'Y', 'hiendm@gmail.com', 'So 3 Hang Tre'); 
Insert into patient  
Values ( 'DHBKHN3',  'Pham Ngoc Quang', 'M', '1995-09-21', 0123456787, 'Y', 'quangpn@gmail.com', 'So 124 Dai Co Viet'); 
Insert into patient  
Values ( 'DHBKHN4',  'Vu Van Tinh', 'M', '1992-06-13', 0123456786, 'Y', 'tinhvv@gmail.com', 'So 3 Ta Quang Buu'); 
Insert into patient  
Values ( 'DHBKHN5',  'Nguyen Ngoc Minh', 'M', '2001-04-22', 0123456785, 'Y', 'minhnn@gmail.com', 'So 25 Hang Tre'); 
Insert into patient  
Values ( 'DHBKHN6',  'Hoang Minh Thang', 'M', '1988-11-06', 0123456784, 'N', 'thanghm@gmail.com', 'So 20 Hang Than'); 
Insert into patient  
Values ( 'DHBKHN7',  'Vu Van Hai', 'M', '1999-08-19', 0123456783, 'N', 'haivv@gmail.com', 'So 187 Hang Tre'); 
Insert into patient  
Values ( 'DHBKHN8',  'Nguyen Van Dinh', 'M', '1992-04-20', 0123456782, 'Y', 'dinhnv@gmail.com', 'So 11 Hang Bo'); 
Insert into patient  
Values ( 'DHBKHN9',  'Nguyen Hoang Giang', 'F', '1975-09-30', 0123456781, 'Y', 'giangnh@gmail.com', 'So 75 Tran Khat Chan'); 
Insert into patient  
Values ( 'DHBKHN10', 'Nguyen Xuan Nam', 'M', '1991-07-13', 0123456780, 'N', 'namnx@gmail.com', 'So 99 Dao Duy Tu'); 
Insert into patient  
Values ( 'DHBKHN11', 'Le Van Vung', 'M', '1986-12-31', 0123456779, 'Y', 'vunglv@gmail.com', 'So 20A Ho Tung Mau'); 
Insert into patient  
Values ( 'DHBKHN12', 'Nguyen Anh Quan', 'M', '1994-07-14', 0123456778, 'N', 'quanna@gmail.com', 'So 33 Thanh Luong'); 
Insert into patient  
Values ( 'DHBKHN13', 'Pham Cong Minh', 'M', '2005-09-20',0123456777, 'Y', 'minhpc@gmail.com', 'Ngo  88 Kim Nguu'); 
Insert into patient  
Values ( 'DHBKHN14', 'Ngo Duc Anh', 'M', '1983-06-03', 0123456776, 'N', 'anhnd@gmail.com', 'So 30 Luong Dinh Cua'); 
Insert into patient  
Values ( 'DHBKHN15', 'Doan Van Cong', 'M', '1999-05-06', 0123456775, 'Y', 'congdv@gmail.com', 'So 90 Truong Chinh'); 
Insert into patient  
Values ( 'DHBKHN16', 'Doan Van Tan', 'M', '2000-05-07', 0123456774, 'Y', 'tandv@gmail.com', 'So 90 Hang Gai'); 
Insert into patient  
Values ( 'DHBKHN17', 'Hoang Thi Loan', 'F', '1979-06-30', 0123456773, 'N', 'loanht@gmail.com', ' So 8 Dinh Cong '); 
Insert into patient  
Values ( 'DHBKHN18', 'Tran Thi Phuong ', 'F', '1999-07-19', 0123456772, 'Y', 'phuongtt@gmail.com', 'Ngo 172 Phan Dinh Giot '); 
Insert into patient  
Values ( 'DHBKHN19', 'Tran Xuan Phai', 'M', '1989-07-13', 0123456771, 'Y', 'phaitx@gmail.com', 'So 100 Doi Can'); 
Insert into patient  
Values ( 'DHBKHN20', 'Mai Van Viet', 'M', '1996-09-23', 0123456770, 'N', 'vietmv@gmail.com', 'Ngo 1 Hang Khay'); 
Insert into patient  
Values ( 'DHBKHN21', 'Nguyen Thi Thanh Binh', 'F', '1997-03-14', 0123456769, 'Y', 'binhntt@gmail.com', 'So 7 Le Lai'); 
Insert into patient  
Values ( 'DHBKHN22', 'Hoang Thuy Hang', 'M', '1986-10-18', 0123456768, 'Y', 'hanght@gmail.com', 'So 288 Le Dai Hanh'); 
Insert into patient  
Values ( 'DHBKHN23', 'Kieu Chi Tue', 'M', '1988-08-13', 0123456767, 'N', 'tuekc@gmail.com', 'So 97 De Nguyen Khoai'); 
Insert into patient  
Values ( 'DHBKHN24', 'Tran Xuan Ba', 'M', '1978-07-30', 0123456756, 'Y', 'batx@gmail.com', 'So 6 Truong Lam'); 
Insert into patient  
Values ( 'DHBKHN25', 'Nguyen Van Chang', 'M', '1989-07-13', 0123456755, 'N', 'changnv1@gmail.com', 'Ngo 90 Phan Dinh Giot'); 
Insert into patient  
Values ( 'DHBKHN26', 'Tran Kim Cuong', 'M', '1963-05-13', 0123456740, 'N', 'cuongtc@gmail.com', 'So 99 Hoang Cau'); 
Insert into patient  
Values ( 'DHBKHN27', 'Tran Thanh Huyen', 'F', '1982-09-23', 0123456739, 'N', 'huyentt@gmail.com', 'So 60 O Cho Dua'); 
Insert into patient  
Values ( 'DHBKHN28', 'Tran Chi Hoa', 'M', '1997-10-09', 0123456738, 'Y', 'hoatc@gmail.com', 'So 1 Ton That Thuyet'); 
Insert into patient  
Values ( 'DHBKHN29', 'Tran Dinh Phu', 'M', '1970-05-18', 0123456737, 'Y', 'phutd@gmail.com', 'So 7 Ton That Thuyet'); 
Insert into patient  
Values ( 'DHBKHN30', 'Hoang Cong Hoan', 'M', '1980-03-17', 0123456736, 'N', 'hoan nc@gmail.com', 'So 72 Hoang Cau'); 
Insert into patient  
Values ( 'DHBKHN31', 'Nguyen Lan Phuong', 'F', '1963-05-13', 0123456740, 'Y', 'phuongnl@gmail.com', 'So 80 Hoang Quoc Viet'); 
Insert into patient  
Values ( 'DHBKHN32', 'Bui Thi Thu Thuy', 'F', '2002-09-20', 0123456732, 'Y', 'thuybtt@gmail.com', 'So 8 Pho Hue'); 
Insert into patient  
Values ( 'DHBKHN33', 'Hoang Minh Hanh', 'F', '1972-12-13', 0123456731, 'N', 'hanhhm@gmail.com', 'Ngo 15 Lo Duc'); 
Insert into patient  
Values ( 'DHBKHN34', 'Dang Hien Trang', 'F', '1972-12-31', 0123456730, 'Y', 'trangdh@gmail.com', 'Ngo 72 Lo Duc'); 
Insert into patient  
Values ( 'DHBKHN35', 'Cao Xuan Hung', 'M', '1980-12-01', 0123456729, 'Y', 'hungcx@gmail.com', 'Ngo 15 YecXanh'); 
Insert into patient  
Values ( 'DHBKHN36', 'Ho Thi Bich', 'M', '1990-02-13', 0123456728, 'N', 'bichht@gmail.com', 'Ngo 15 Lo Duc'); 
Insert into patient  
Values ( 'DHBKHN37', 'Lai Van Sam', 'M', '1993-05-31', 0123456726, 'Y', 'samlv@gmail.com', 'Ngo 31 Tang Bat Ho'); 
Insert into patient  
Values ( 'DHBKHN38', 'Nguyen Duc Tho', 'M', '1972-12-13', 0123456725, 'Y', 'thond@gmail.com', 'Ngo 9 Ho Dac Di'); 
Insert into patient  
Values ( 'DHBKHN39', 'Hoang Minh Hanh', 'M', '1972-12-13', 0123456720, 'N', 'hanhhm@gmail.com', 'Ngo 15 Dinh Cong'); 
Insert into patient  
Values ( 'DHBKHN40', 'Nguyen Thi Kim Anh', 'F', '2002-03-29', 0123316619, 'Y', 'anhntk@gmail.com', 'So 85 Thai Ha'); 
 
 
 
 
 
 
 
 
 
 
Insert into visit  
Values ( 'DHBKHN1',  'BK1606201', 'Dau bung di ngoai', '2020-06-16'); 
Insert into visit 
Values ( 'DHBKHN2',  'BK1806202', 'Dau mat', '2020-06-18'); 
Insert into visit  
Values ( 'DHBKHN3',  'BK1806203', 'Dau nguc trai', '2020-06-18'); 
Insert into visit  
Values ( 'DHBKHN4',  'BK1606204', 'Dau khop dau goi', '2020-06-16'); 
Insert into visit  
Values ( 'DHBKHN5',  'BK1606205', 'Ngua lung + mun nuoc', '2020-06-16'); 
Insert into visit  
Values ( 'DHBKHN6',  'BK1606206', 'Buon non', '2020-06-16'); 
Insert into visit  
Values ( 'DHBKHN7',  'BK1906207', 'Met moi, chan an', '2020-06-19'); 
Insert into visit  
Values ( 'DHBKHN8',  'BK1906208', 'Khong', '2020-06-19'); 
Insert into visit  
Values ( 'DHBKHN9',  'BK1906209', 'Met moi, chan an', '2020-06-19'); 
Insert into visit  
Values ( 'DHBKHN10',  'BK19062010', 'Ngua mat', '2020-06-19'); 
Insert into visit  
Values ( 'DHBKHN1',  'BK2006201', 'mat nhin mo', '2020-06-20'); 
Insert into visit  
Values ( 'DHBKHN11',  'BK20062011', 'Khong', '2020-06-20'); 
Insert into visit  
Values ( 'DHBKHN12',  'BK20062012', 'Ham da', '2020-06-20'); 
Insert into visit  
Values ( 'DHBKHN13',  'BK20062013', 'Rung toc nhieu', '2020-06-20'); 
Insert into visit  
Values ( 'DHBKHN14',  'BK20062014', 'Chay mau rang', '2020-06-20'); 
Insert into visit  
Values ( 'DHBKHN15',  'BK20062015', 'Dau tai', '2020-06-20'); 
Insert into visit  
Values ( 'DHBKHN16',  'BK21062016', 'So mui', '2020-06-21'); 
Insert into visit  
Values ( 'DHBKHN17',  'BK21062017', 'Met moi, chan an', '2020-06-21'); 
Insert into visit  
Values ( 'DHBKHN18',  'BK21062018', 'Met moi, chan an', '2020-06-21'); 
Insert into visit  
Values ( 'DHBKHN19',  'BK21062019', 'Mat nhin mo', '2020-06-21'); 
Insert into visit  
Values ( 'DHBKHN20',  'BK22062020', 'Hay tuc nguc', '2020-06-22'); 
Insert into visit  
Values ( 'DHBKHN21',  'BK22062021', 'Khong', '2020-06-22'); 
Insert into visit  
Values ( 'DHBKHN22',  'BK22062022', 'Dau chan', '2020-06-22'); 
Insert into visit  
Values ( 'DHBKHN23',  'BK23062023', 'Dau lung', '2020-06-23'); 
Insert into visit  
Values ( 'DHBKHN24',  'BK23062024', 'Da nhieu dau', '2020-06-23'); 
Insert into visit  
Values ( 'DHBKHN25',  'BK23062025', 'Ngua tay chan', '2020-06-23'); 
Insert into visit  
Values ( 'DHBKHN1',  'BK3006201', 'Nuoc an tay chan', '2020-06-30'); 
Insert into visit  
Values ( 'DHBKHN26',  'BK01072026', 'Dau hong, sot cao', '2020-07-01'); 
Insert into visit  
Values ( 'DHBKHN27',  'BK01072027','Dau hong', '2020-07-01'); 
Insert into visit  
Values ( 'DHBKHN28',  'BK01072028', 'Rang moc lech', '2020-07-01'); 
Insert into visit  
Values ( 'DHBKHN29',  'BK02072029', 'Dau rang', '2020-07-02'); 
Insert into visit  
Values ( 'DHBKHN30',  'BK02072030', 'Sung loi', '2020-07-02'); 
Insert into visit  
Values ( 'DHBKHN26',  'BK09072026', 'Nhiet mieng', '2020-07-09'); 
Insert into visit  
Values ( 'DHBKHN6',  'BK0907206', 'Hat hoi so mui', '2020-07-09'); 
Insert into visit  
Values ( 'DHBKHN5',  'BK0907205', 'Kho tho', '2020-07-09'); 
Insert into visit  
Values ( 'DHBKHN8',  'BK1907208', 'Hay ngat', '2020-07-19'); 
Insert into visit  
Values ( 'DHBKHN11',  'BK20072011', 'Hay te tay chan', '2020-07-20'); 
Insert into visit  
Values ( 'DHBKHN12',  'BK20072012', 'Gay ngon tay', '2020-07-20'); 
Insert into visit  
Values ( 'DHBKHN17',  'BK21072017', 'Dau mat phai', '2020-07-21'); 
Insert into visit  
Values ( 'DHBKHN31',  'BK21072031', 'Tai nghe khong ro', '2020-07-21'); 
Insert into visit  
Values ( 'DHBKHN32',  'BK22072032', 'Hay te tay chan', '2020-07-22'); 
Insert into visit  
Values ( 'DHBKHN33',  'BK30072033', 'Chan an', '2020-07-30'); 
Insert into visit  
Values ( 'DHBKHN34',  'BK30072034', 'Hay tuc nguc', '2020-07-30'); 
Insert into visit  
Values ( 'DHBKHN35',  'BK12082035', 'Gay tay', '2020-08-12'); 
Insert into visit  
Values ( 'DHBKHN36',  'BK12082036', 'Nam da', '2020-08-12'); 
Insert into visit  
Values ( 'DHBKHN37',  'BK12082037', 'Da co dom trang', '2020-08-12'); 
Insert into visit  
Values ( 'DHBKHN38',  'BK12082038', 'Rung toc, nhieu gau', '2020-08-12'); 
Insert into visit  
Values ( 'DHBKHN39',  'BK13082039', 'Gay xuong', '2020-08-13'); 
Insert into visit  
Values ( 'DHBKHN40',  'BK13082040', 'Chong mat', '2020-08-13'); 
Insert into visit  
Values ( 'DHBKHN15',  'BK20082015', 'Tay chan bun run', '2020-08-20'); 
Insert into visit  
Values ( 'DHBKHN17',  'BK21082017', 'Buon non, chong mat, ra mo hoi lanh', '2020-08-21'); 
Insert into visit  
Values ( 'DHBKHN19',  'BK21082019', 'Mun trung ca nhieu', '2020-08-21'); 
Insert into visit  
Values ( 'DHBKHN27',  'BK07092027', 'Dau bung buon non', '2020-09-07'); 
Insert into visit  
Values ( 'DHBKHN26',  'BK08092026', 'Khong', '2020-09-08'); 
Insert into visit  
Values ( 'DHBKHN8',  'BK0909208', 'Nhiet mieng', '2020-09-09'); 
Insert into visit  
Values ( 'DHBKHN17',  'BK09092017', 'Nhiet mieng', '2020-09-09'); 
Insert into visit  
Values ( 'DHBKHN33',  'BK10092033', 'Dau rang', '2020-09-10'); 
Insert into visit  
Values ( 'DHBKHN3',  'BK1809203', 'Bat mong tay', '2020-09-18'); 
Insert into visit  
Values ( 'DHBKHN7',  'BK1909207', 'Con trung dot', '2020-09-19'); 
Insert into visit  
Values ( 'DHBKHN12',  'BK20092012', 'Bi nga', '2020-09-20'); 
Insert into visit  
Values ( 'DHBKHN17',  'BK21092017', 'Bong nuoc soi', '2020-09-21'); 
Insert into visit  
Values ( 'DHBKHN21',  'BK22092021', 'Bong bo xe may' , '2020-09-22'); 
insert into visit 
Values ( 'DHBKHN23',  'BK23092023', 'Muon nieng rang', '2020-09-23'); 
Insert into visit  
Values ( 'DHBKHN25',  'BK23092025', 'Mat nhin mo', '2020-09-23'); 
Insert into visit  
Values ( 'DHBKHN28',  'BK25092028', 'Tuc nguc', '2020-09-25'); 
 
 
 
Insert into feedback 
values ( 'BK1606201', 'khong', 'khong', 'khong', 'khong', 'khong'); 
Insert into feedback 
values ( 'BK1806202', 'tot', 'tot', 'hoi lau', 'tot', 'khong'); 
Insert into feedback 
values ( 'BK1806203', 'Than thien', 'cac phong ban xa nhau qua', 'khong', 'khong', 'khong'); 
Insert into feedback 
values ( 'BK1606204', 'khong', 'khong', 'khong', 'khong', 'khong'); 
Insert into feedback 
values ( 'BK1606205', 'khong', 'khong', 'khong', 'khong', 'khong'); 
Insert into feedback 
values ( 'BK1606206', 'khong', 'khong', 'khong', 'khong', 'khong'); 
Insert into feedback 
values ( 'BK1906207', 'khong', 'khong', 'khong', 'khong', 'khong'); 
Insert into feedback 
values ( 'BK1906208', 'khong', 'khong', 'khong', 'khong', 'khong'); 
Insert into feedback 
values ( 'BK1906209', 'tot', 'tot', 'tot', 'tot', 'khong'); 
Insert into feedback 
values ( 'BK19062010', 'khong', 'khong', 'khong', 'khong', 'khong'); 
Insert into feedback 
values ( 'BK2006201', 'khong', 'khong', 'khong', 'khong', 'khong'); 
Insert into feedback 
values ( 'BK20062011', 'khong', 'khong', 'khong', 'khong', 'khong'); 
Insert into feedback 
values ( 'BK20062012', 'khong', 'khong', 'khong', 'khong', 'khong'); 
Insert into feedback 
values ( 'BK20062013', 'khong', 'khong', 'khong', 'khong', 'khong'); 
Insert into feedback 
values ( 'BK20062014', 'khong', 'khong', 'khong', 'khong', 'khong'); 
Insert into feedback 
values ( 'BK20062015', 'khong', 'khong', 'khong', 'khong', 'khong'); 
Insert into feedback 
values ( 'BK21062016', 'khong', 'khong', 'khong', 'khong', 'khong'); 
Insert into feedback 
values ( 'BK21062017', 'khong', 'khong', 'khong', 'khong', 'khong'); 
Insert into feedback 
values ( 'BK21062018', 'khong', 'khong', 'khong', 'khong', 'khong'); 
Insert into feedback 
values ( 'BK21062019', 'khong', 'khong', 'khong', 'khong', 'khong'); 
Insert into feedback 
values ( 'BK22062020', 'khong', 'khong', 'khong', 'khong', 'khong'); 
Insert into feedback 
values ( 'BK22062021', 'khong', 'khong', 'khong', 'khong', 'khong'); 
Insert into feedback 
values ( 'BK22062022', 'than thien', 'tot', 'tot', 'tot', 'khong'); 
Insert into feedback 
values ( 'BK23062023', 'khong', 'khong', 'khong', 'khong', 'khong'); 
Insert into feedback 
values ( 'BK23062024', 'khong', 'khong', 'khong', 'khong', 'khong'); 
Insert into feedback 
values ( 'BK23062025', 'khong', 'khong', 'khong', 'khong', 'khong'); 
Insert into feedback 
values ( 'BK3006201', 'khong', 'khong', 'khong', 'khong', 'khong'); 
Insert into feedback 
values ( 'BK01072026', 'khong', 'khong', 'khong', 'khong', 'khong'); 
Insert into feedback 
values ( 'BK01072027', 'khong', 'khong', 'khong', 'khong', 'khong'); 
Insert into feedback 
values ( 'BK01072028', 'khong', 'khong', 'khong', 'khong', 'khong'); 
Insert into feedback 
values ( 'BK02072029', 'khong', 'khong', 'khong', 'khong', 'khong'); 
Insert into feedback 
values ( 'BK02072030', 'khong', 'khong', 'khong', 'khong', 'khong'); 
Insert into feedback 
values ( 'BK09072026', 'khong', 'khong', 'khong', 'khong', 'khong'); 
Insert into feedback 
values ( 'BK0907206', 'khong', 'khong', 'khong', 'khong', 'khong'); 
Insert into feedback 
values ( 'BK0907205', 'khong', 'khong', 'khong', 'khong', 'khong'); 
Insert into feedback 
values ( 'BK1907208', 'khong', 'khong', 'khong', 'khong', 'khong'); 
Insert into feedback 
values ( 'BK20072011', 'khong', 'khong', 'khong', 'khong', 'khong'); 
Insert into feedback 
values ( 'BK20072012', 'khong', 'khong', 'khong', 'khong', 'khong'); 
Insert into feedback 
values ( 'BK21072017', 'khong', 'khong', 'khong', 'khong', 'khong'); 
Insert into feedback 
values ( 'BK21072031', 'khong', 'khong', 'khong', 'khong', 'khong'); 
Insert into feedback 
values ( 'BK22072032', 'khong', 'khong', 'khong', 'khong', 'khong'); 
Insert into feedback 
values ( 'BK30072033', 'khong', 'khong', 'khong', 'khong', 'khong'); 
Insert into feedback 
values ( 'BK30072034', 'khong', 'khong', 'khong', 'khong', 'khong'); 
Insert into feedback 
values ( 'BK12082035', 'khong', 'khong', 'khong', 'khong', 'khong'); 
Insert into feedback 
values ( 'BK12082036', 'khong', 'khong', 'khong', 'khong', 'khong'); 
Insert into feedback 
values ( 'BK12082037', 'khong', 'khong', 'khong', 'khong', 'khong'); 
Insert into feedback 
values ( 'BK12082038', 'khong', 'khong', 'khong', 'khong', 'khong'); 
Insert into feedback 
values ( 'BK13082039', 'khong', 'khong', 'khong', 'khong', 'khong'); 
Insert into feedback 
values ( 'BK13082040', 'khong', 'khong', 'khong', 'khong', 'khong'); 
Insert into feedback 
values ( 'BK20082015', 'khong', 'khong', 'khong', 'khong', 'khong'); 
Insert into feedback 
values ( 'BK21082017', 'khong', 'khong', 'khong', 'khong', 'khong'); 
Insert into feedback 
values ( 'BK21082019', 'khong', 'khong', 'khong', 'khong', 'khong'); 
Insert into feedback 
values ( 'BK07092027', 'khong', 'khong', 'khong', 'khong', 'khong'); 
Insert into feedback 
values ( 'BK08092026', 'khong', 'khong', 'khong', 'khong', 'khong'); 
Insert into feedback 
values ( 'BK0909208', 'khong', 'khong', 'khong', 'khong', 'khong'); 
Insert into feedback 
values ( 'BK09092017', 'khong', 'khong', 'khong', 'khong', 'khong'); 
Insert into feedback 
values ( 'BK10092033', 'khong', 'khong', 'khong', 'khong', 'khong'); 
Insert into feedback 
values ( 'BK1809203', 'khong', 'khong', 'khong', 'khong', 'khong'); 
Insert into feedback 
values ( 'BK1909207', 'khong', 'khong', 'khong', 'khong', 'khong'); 
Insert into feedback 
values ( 'BK20092012', 'khong', 'khong', 'khong', 'khong', 'khong'); 
Insert into feedback 
values ( 'BK21092017', 'khong', 'khong', 'khong', 'khong', 'khong'); 
Insert into feedback 
values ( 'BK22092021', 'khong', 'khong', 'khong', 'khong', 'khong'); 
Insert into feedback 
values ( 'BK23092023', 'khong', 'khong', 'khong', 'khong', 'khong'); 
Insert into feedback 
values ( 'BK23092025', 'khong', 'khong', 'khong', 'khong', 'khong'); 
Insert into feedback 
values ( 'BK25092028', 'khong', 'khong', 'khong', 'khong', 'khong'); 
 
 
 
 
Insert into test_location 
values ('TMH1', 'BKA101','A'); 
Insert into test_location 
values ('TMH2', 'BKA201','A'); 
Insert into test_location 
values ('TMH3', 'BKA301','A'); 
Insert into test_location 
values ('RHM', 'BKB201','B'); 
Insert into test_location 
values ('M1', 'BKB301','B'); 
Insert into test_location 
values ('M2', 'BKB305','B'); 
Insert into test_location 
values ('DL', 'BKC101','C'); 
Insert into test_location 
values ('TM1', 'BKC201','C'); 
Insert into test_location 
values ('TM2', 'BKC205','C'); 
Insert into test_location 
values ('TM3', 'BKC301','C'); 
Insert into test_location 
values ('CXK', 'BKC401','C'); 
Insert into test_location 
values ('DK', 'BKA100','A'); 
 
insert into doctor(did, service_id, doctor_name, specialization) values ('PMTMH1', 'TMH1', 'Philippe Macaire', 'tai nui hong'); 
insert into doctor(did, service_id, doctor_name, specialization) values ('EHSTMH2', 'TMH2', 'El Hage Sleiman', 'tai mui hong'); 
insert into doctor(did, service_id, doctor_name, specialization) values ('JCSTMH3', 'TMH3', 'Jean Clement Sage', 'tai mui hong'); 
insert into doctor(did, service_id, doctor_name, specialization) values ('NTLRHM', 'RHM', 'Nguyen Thanh Liem', 'rang ham mat'); 
insert into doctor(did, service_id, doctor_name, specialization) values ('VTNRHM', 'RHM', 'Vo Thanh Nhan', 'rang ham mat'); 
insert into doctor(did, service_id, doctor_name, specialization) values ('DDLM1', 'M1', 'Do Doan Loi', 'kham mat'); 
insert into doctor(did, service_id, doctor_name, specialization) values ('PNAM2', 'M2', 'Pham Nhat An', 'kham mat'); 
insert into doctor(did, service_id, doctor_name, specialization) values ('PQLDL', 'DL', 'Phan Quynh Lan', 'da lieu'); 
insert into doctor(did, service_id, doctor_name, specialization) values ('NDHTM1', 'TM1', 'Nguyen Duc Hinh', 'tim mach'); 
insert into doctor(did, service_id, doctor_name, specialization) values ('SMLTM2', 'TM2', 'Selina M.Luger', 'tim mach'); 
insert into doctor(did, service_id, doctor_name, specialization) values ('NNTTM3', 'TM3', 'Nguyen Ngoc Tien', 'tim mach'); 
insert into doctor(did, service_id, doctor_name, specialization) values ('JDCXK', 'CXK', 'Jacek Deptula', 'co xuong khop'); 
insert into doctor(did, service_id, doctor_name, specialization) values ('ERDTMH1', 'TMH1', 'Esser Rene Daniel', 'tai mui hong'); 
insert into doctor(did, service_id, doctor_name, specialization) values ('HKKTMH2', 'TMH2', 'Huynh Kim Khoe', 'tai mui hong'); 
insert into doctor(did, service_id, doctor_name, specialization) values ('DTLM1', 'M1', 'Duong Thuy Lien', 'kham mat'); 
insert into doctor(did, service_id, doctor_name, specialization) values ('TDUM2', 'M2', 'Truong Da Uyen', 'kham mat'); 
insert into doctor(did, service_id, doctor_name, specialization) values ('LVHDL', 'DL', 'Le Van Hien', 'da lieu'); 
insert into doctor(did, service_id, doctor_name, specialization) values ('NNTCXK', 'CXK', 'Nguyen Nghiem Tuan', 'co xuong khop'); 
insert into doctor(did, service_id, doctor_name, specialization) values ('HTNTTM1', 'TM1', 'Huynh Thi Ngoc Thao', 'tim mach'); 
insert into doctor(did, service_id, doctor_name, specialization) values ('NTNATM3', 'TM2', 'Nguyen Thi Nhu Ai', 'tim mach'); 
insert into doctor(did, service_id, doctor_name, specialization) values ('HXDK1', 'DK', 'Huang Xinxiang', 'Da khoa - ket luan'); 
insert into doctor(did, service_id, doctor_name, specialization) values ('GMDK2', 'DK', 'Gary Michelson', 'Da khoa - ket luan'); 
 
 
 
insert into training(did, certificate, certification_date, certification_expire) values ('PMTMH1', 'pho giao su', '2004-06-15', '2024-12-25'); 
insert into training(did, certificate, certification_date, certification_expire) values ('EHSTMH2', 'thac si', '2007-04-19', '2029-07-01'); 
insert into training(did, certificate, certification_date, certification_expire) values ('JCSTMH3', 'tien si', '2005-08-05', '2027-05-24'); 
insert into training(did, certificate, certification_date, certification_expire) values ('NTLRHM', 'tien si', '2001-03-26', '2027-05-27'); 
insert into training(did, certificate, certification_date, certification_expire) values ('VTNRHM', 'thac si', '2002-04-05', '2028-06-17'); 
insert into training(did, certificate, certification_date, certification_expire) values ('DDLM1', 'thac si', '2001-09-21', '2028-05-27'); 
insert into training(did, certificate, certification_date, certification_expire) values ('PNAM2', 'giao su', '1998-08-20', '2030-08-01'); 
insert into training(did, certificate, certification_date, certification_expire) values ('PQLDL', 'tien si', '2003-11-28', '2029-09-12'); 
insert into training(did, certificate, certification_date, certification_expire) values ('NDHTM1', 'thac si', '2005-01-23', '2026-10-29'); 
insert into training(did, certificate, certification_date, certification_expire) values ('SMLTM2', 'tien si', '2003-02-12', '2027-10-13'); 
insert into training(did, certificate, certification_date, certification_expire) values ('NNTTM3', 'pho giao su', '2001-02-24', '2028-05-25'); 
insert into training(did, certificate, certification_date, certification_expire) values ('JDCXK', 'pho giao su', '2002-05-14', '2028-06-17'); 
insert into training(did, certificate, certification_date, certification_expire) values ('ERDTMH1', 'giao su', '1999-10-11', '2030-07-18'); 
insert into training(did, certificate, certification_date, certification_expire) values ('HKKTMH2', 'thac si', '2004-11-22', '2028-10-03'); 
insert into training(did, certificate, certification_date, certification_expire) values ('DTLM1', 'tien si', '2002-10-05', '2029-01-04'); 
insert into training(did, certificate, certification_date, certification_expire) values ('TDUM2', 'pho giao su', '2001-07-07', '2028-04-09'); 
insert into training(did, certificate, certification_date, certification_expire) values ('LVHDL', 'tien si', '2005-05-23', '2026-12-26'); 
insert into training(did, certificate, certification_date, certification_expire) values ('NNTCXK', 'thac si', '2003-08-12', '2028-11-21'); 
insert into training(did, certificate, certification_date, certification_expire) values ('HTNTTM1', 'giao su', '2001-04-19', '2030-03-26'); 
insert into training(did, certificate, certification_date, certification_expire) values ('NTNATM3', 'pho giao su', '1999-12-15', '2028-03-05'); 
insert into training(did, certificate, certification_date, certification_expire) values ('HXDK1', 'Tien si', '2003-09-12', '2028-01-25'); 
insert into training(did, certificate, certification_date, certification_expire)values ('GMDK2', 'Tien si', '2005-01-19', '2029-05-01'); 
 
 
insert into package 
values ('BK1606201', 'pack4', 'Tim mach'); 
insert into package 
values ('BK1806202', 'pack2', 'Kham mat'); 
insert into package 
values ('BK1806203', 'pack4', 'Tim mach'); 
insert into package 
values ('BK1606204', 'pack3', 'Kham ngoai 2'); 
insert into package 
values ('BK1606205', 'pack3', 'Kham ngoai 2'); 
insert into package 
values ('BK1606206', 'pack4', 'Tim mach'); 
insert into package 
values ('BK1906207', 'pack1', 'Kham ngoai 1'); 
insert into package 
values ('BK1906208', 'pack1', 'Kham ngoai 1'); 
insert into package 
values ('BK1906209', 'pack4', 'Tim mach'); 
insert into package 
values ('BK1906209', 'pack3', 'Kham ngoai 2'); 
insert into package 
values ('BK1906209', 'pack2', 'Kham mat'); 
insert into package 
values ('BK1906209', 'pack1', 'Kham ngoai 1'); 
insert into package 
values ('BK19062010', 'pack4', 'Tim mach'); 
insert into package 
values ('BK2006201', 'pack2', 'Kham mat'); 
insert into package 
values ('BK20062011', 'pack2', 'Kham mat'); 
insert into package 
values ('BK20062012', 'pack3', 'Kham ngoai 2'); 
insert into package 
values ('BK20062013', 'pack4', 'Tim mach'); 
insert into package 
values ('BK20062014', 'pack1', 'Kham ngoai 1'); 
insert into package 
values ('BK20062015', 'pack1', 'Kham ngoai 1'); 
insert into package 
values ('BK21062016', 'pack1', 'Kham ngoai 1'); 
insert into package 
values ('BK21062017', 'pack4', 'Tim mach'); 
insert into package 
values ('BK21062018', 'pack4', 'Tim mach'); 
insert into package 
values ('BK21062019', 'pack2', 'Kham mat'); 
insert into package 
values ('BK22062020', 'pack4', 'Tim mach'); 
insert into package 
values ('BK22062021', 'pack3', 'Kham ngoai 2'); 
insert into package 
values ('BK22062022', 'pack3', 'Kham ngoai 2'); 
insert into package 
values ('BK23062023', 'pack3', 'Kham ngoai 2'); 
insert into package 
values ('BK23062024', 'pack3', 'Kham ngoai 2'); 
insert into package 
values ('BK23062025', 'pack3', 'Kham ngoai 2'); 
insert into package 
values ('BK3006201', 'pack3', 'Kham ngoai 2'); 
insert into package 
values ('BK01072026', 'pack1', 'Kham ngoai 1'); 
insert into package 
values ('BK01072027', 'pack1', 'Kham ngoai 1'); 
insert into package 
values ('BK01072028', 'pack1', 'Kham ngoai 1'); 
insert into package 
values ('BK02072029', 'pack1', 'Kham ngoai 1'); 
insert into package 
values ('BK02072030', 'pack1', 'Kham ngoai 1'); 
insert into package 
values ('BK09072026', 'pack1', 'Kham ngoai 1'); 
insert into package 
values ('BK0907206', 'pack1', 'Kham ngoai 1'); 
insert into package 
values ('BK0907205', 'pack1', 'Kham ngoai 1'); 
insert into package 
values ('BK1907208', 'pack4', 'Tim mach'); 
insert into package 
values ('BK20072011', 'pack4', 'Tim mach'); 
insert into package 
values ('BK20072012', 'pack3', 'Kham ngoai 2'); 
insert into package 
values ('BK21072017', 'pack2', 'Kham mat'); 
insert into package 
values ('BK21072031', 'pack1', 'Kham ngoai 1'); 
insert into package 
values ('BK22072032', 'pack3', 'Kham ngoai 2'); 
insert into package 
values ('BK30072033', 'pack4', 'Tim mach'); 
insert into package 
values ('BK30072034', 'pack4', 'Tim mach'); 
insert into package 
values ('BK12082036', 'pack3', 'Kham ngoai 2'); 
insert into package 
values ('BK12082035', 'pack3', 'Kham ngoai 2'); 
insert into package 
values ('BK12082037', 'pack3', 'kham ngoai 2'); 
insert into package 
values ('BK12082038', 'pack3', 'Kham ngoai 2'); 
insert into package 
values ('BK13082039', 'pack3', 'Kham ngoai 2'); 
insert into package 
values ('BK13082040', 'pack4', 'Tim mach'); 
insert into package 
values ('BK20082015', 'pack4', 'Tim mach'); 
insert into package 
values ('BK21082017', 'pack4', 'Tim mach'); 
insert into package 
values ('BK21082019', 'pack3', 'Kham ngoai 2'); 
insert into package 
values ('BK07092027', 'pack4', 'Tim mach'); 
insert into package 
values ('BK08092026', 'pack4', 'Tim mach'); 
insert into package 
values ('BK0909208', 'pack1', 'Kham ngoai 1'); 
insert into package 
values ('BK09092017', 'pack1', 'Kham ngoai 1'); 
insert into package 
values ('BK10092033', 'pack1', 'Kham ngoai 1'); 
insert into package 
values ('BK1809203', 'pack3', 'Kham ngoai 2'); 
insert into package 
values ('BK1909207', 'pack3', 'Kham ngoai 2'); 
insert into package 
values ('BK20092012', 'pack3', 'Kham ngoai 2'); 
insert into package 
values ('BK21092017', 'pack3', 'Kham ngoai 2'); 
insert into package 
values ('BK22092021', 'pack3', 'Kham ngoai 2'); 
insert into package 
values ('BK23092023', 'pack1', 'Kham ngoai 1'); 
insert into package 
values ('BK23092025', 'pack2', 'Kham mat'); 
insert into package 
values ('BK25092028', 'pack4', 'Tim mach'); 
 
 
 
 
 
 
 
insert into service 
values ('BK1606201', 'pack4', 'TM1', 'Dien tim', 100000); 
insert into service 
values ('BK1606201', 'pack4', 'TM2', 'X-quang', 120000); 
insert into service 
values ('BK1606201', 'pack4', 'TM3', 'Xet nghiem mau', 300000); 
 
insert into service 
values ('BK1806202', 'pack2', 'M1', 'Sieu am nhan cau', 100000); 
insert into service 
values ('BK1806202', 'pack2', 'M2', 'Do thi luc', 800000); 
 
insert into service 
values ('BK1806203', 'pack4', 'TM1', 'Dien tim', 100000); 
insert into service 
values ('BK1806203', 'pack4', 'TM2', 'X-quang', 120000); 
insert into service 
values ('BK1806203', 'pack4', 'TM3', 'Xet nghiem mau', 300000); 
 
insert into service 
values ('BK1606205', 'pack3', 'CXK', 'Co xuong khop', 200000); 
insert into service 
values ('BK1606205', 'pack3', 'DL', 'Da lieu', 150000); 
 
insert into service 
values ('BK1606204', 'pack3', 'CXK', 'Co xuong khop', 200000); 
insert into service 
values ('BK1606204', 'pack3', 'DL', 'Da lieu', 150000); 
 
insert into service 
values ('BK1606206', 'pack4', 'TM1', 'Dien tim', 100000); 
insert into service 
values ('BK1606206', 'pack4', 'TM2', 'X-quang', 120000); 
insert into service 
values ('BK1606206', 'pack4', 'TM3', 'Xet nghiem mau', 300000); 
 
insert into service 
values ('BK1906207', 'pack1', 'TMH1', 'Kham tai', 50000); 
insert into service 
values ('BK1906207', 'pack1', 'TMH2', 'Kham mui', 50000); 
insert into service 
values ('BK1906207', 'pack1', 'TMH3', 'Kham hong', 50000); 
insert into service 
values ('BK1906207', 'pack1', 'RHM', 'Kham rang ham mat', 150000); 
 
insert into service 
values ('BK1906208', 'pack1', 'TMH1', 'Kham tai', 50000); 
insert into service 
values ('BK1906208', 'pack1', 'TMH2', 'Kham mui', 50000); 
insert into service 
values ('BK1906208', 'pack1', 'TMH3', 'Kham hong', 50000); 
insert into service 
values ('BK1906208', 'pack1', 'RHM', 'Kham rang ham mat', 150000); 
 
insert into service 
values ('BK1906209', 'pack4', 'TM1', 'Dien tim', 100000); 
insert into service 
values ('BK1906209', 'pack4', 'TM2', 'X-quang', 120000); 
insert into service 
values ('BK1906209', 'pack4', 'TM3', 'Xet nghiem mau', 300000); 
 
insert into service 
values ('BK1906209', 'pack3', 'CXK', 'Co xuong khop', 200000); 
insert into service 
values ('BK1906209', 'pack3', 'DL', 'Da lieu', 150000); 
 
insert into service 
values ('BK1906209', 'pack2', 'M1', 'Sieu am nhan cau', 100000); 
insert into service 
values ('BK1906209', 'pack2', 'M2', 'Do thi luc', 800000); 
 
insert into service 
values ('BK1906209', 'pack1', 'TMH1', 'Kham tai', 50000); 
insert into service 
values ('BK1906209', 'pack1', 'TMH2', 'Kham mui', 50000); 
insert into service 
values ('BK1906209', 'pack1', 'TMH3', 'Kham hong', 50000); 
insert into service 
values ('BK1906209', 'pack1', 'RHM', 'Kham rang ham mat', 150000); 
 
insert into service 
values ('BK19062010', 'pack4', 'TM1', 'Dien tim', 100000); 
insert into service 
values ('BK19062010', 'pack4', 'TM2', 'X-quang', 120000); 
insert into service 
values ('BK19062010', 'pack4', 'TM3', 'Xet nghiem mau', 300000); 
 
insert into service 
values ('BK2006201', 'pack2', 'M1', 'Sieu am nhan cau', 100000); 
insert into service 
values ('BK2006201', 'pack2', 'M2', 'Do thi luc', 800000); 
 
insert into service 
values ('BK20062011', 'pack2', 'M1', 'Sieu am nhan cau', 100000); 
insert into service 
values ('BK20062011', 'pack2', 'M2', 'Do thi luc', 800000); 
 
insert into service 
values ('BK20062012', 'pack3', 'CXK', 'Co xuong khop', 200000); 
insert into service 
values ('BK20062012', 'pack3', 'DL', 'Da lieu', 150000); 
 
insert into service 
values ('BK20062013', 'pack4', 'TM1', 'Dien tim', 100000); 
insert into service 
values ('BK20062013', 'pack4', 'TM2', 'X-quang', 120000); 
insert into service 
values ('BK20062013', 'pack4', 'TM3', 'Xet nghiem mau', 300000); 
 
insert into service 
values ('BK20062014', 'pack1', 'TMH1', 'Kham tai', 50000); 
insert into service 
values ('BK20062014', 'pack1', 'TMH2', 'Kham mui', 50000); 
insert into service 
values ('BK20062014', 'pack1', 'TMH3', 'Kham hong', 50000); 
insert into service 
values ('BK20062014', 'pack1', 'RHM', 'Kham rang ham mat', 150000); 
 
insert into service 
values ('BK20062015', 'pack1', 'TMH1', 'Kham tai', 50000); 
insert into service 
values ('BK20062015', 'pack1', 'TMH2', 'Kham mui', 50000); 
insert into service 
values ('BK20062015', 'pack1', 'TMH3', 'Kham hong', 50000); 
insert into service 
values ('BK20062015', 'pack1', 'RHM', 'Kham rang ham mat', 150000); 
 
insert into service 
values ('BK21062016', 'pack1', 'TMH1', 'Kham tai', 50000); 
insert into service 
values ('BK21062016', 'pack1', 'TMH2', 'Kham mui', 50000); 
insert into service 
values ('BK21062016', 'pack1', 'TMH3', 'Kham hong', 50000); 
insert into service 
values ('BK21062016', 'pack1', 'RHM', 'Kham rang ham mat', 150000); 
 
insert into service 
values ('BK21062017', 'pack4', 'TM1', 'Dien tim', 100000); 
insert into service 
values ('BK21062017', 'pack4', 'TM2', 'X-quang', 120000); 
insert into service 
values ('BK21062017', 'pack4', 'TM3', 'Xet nghiem mau', 300000); 
 
insert into service 
values ('BK21062018', 'pack4', 'TM1', 'Dien tim', 100000); 
insert into service 
values ('BK21062018', 'pack4', 'TM2', 'X-quang', 120000); 
insert into service 
values ('BK21062018', 'pack4', 'TM3', 'Xet nghiem mau', 300000); 
 
insert into service 
values ('BK21062019', 'pack2', 'M1', 'Sieu am nhan cau', 100000); 
insert into service 
values ('BK21062019', 'pack2', 'M2', 'Do thi luc', 800000); 
 
insert into service 
values ('BK22062020', 'pack4', 'TM1', 'Dien tim', 100000); 
insert into service 
values ('BK22062020', 'pack4', 'TM2', 'X-quang', 120000); 
insert into service 
values ('BK22062020', 'pack4', 'TM3', 'Xet nghiem mau', 300000); 
 
insert into service 
values ('BK22062021', 'pack3', 'CXK', 'Co xuong khop', 200000); 
insert into service 
values ('BK22062021', 'pack3', 'DL', 'Da lieu', 150000); 
 
insert into service 
values ('BK22062022', 'pack3', 'CXK', 'Co xuong khop', 200000); 
insert into service 
values ('BK22062022', 'pack3', 'DL', 'Da lieu', 150000); 
 
insert into service 
values ('BK23062023', 'pack3', 'CXK', 'Co xuong khop', 200000); 
insert into service 
values ('BK23062023', 'pack3', 'DL', 'Da lieu', 150000); 
 
insert into service 
values ('BK23062024', 'pack3', 'CXK', 'Co xuong khop', 200000); 
insert into service 
values ('BK23062024', 'pack3', 'DL', 'Da lieu', 150000); 
 
insert into service 
values ('BK23062025', 'pack3', 'CXK', 'Co xuong khop', 200000); 
insert into service 
values ('BK23062025', 'pack3', 'DL', 'Da lieu', 150000); 
 
insert into service 
values ('BK3006201', 'pack3', 'CXK', 'Co xuong khop', 200000); 
insert into service 
values ('BK3006201', 'pack3', 'DL', 'Da lieu', 150000); 
 
insert into service 
values ('BK01072026', 'pack1', 'TMH1', 'Kham tai', 50000); 
insert into service 
values ('BK01072026', 'pack1', 'TMH2', 'Kham mui', 50000); 
insert into service 
values ('BK01072026', 'pack1', 'TMH3', 'Kham hong', 50000); 
insert into service 
values ('BK01072026', 'pack1', 'RHM', 'Kham rang ham mat', 150000); 
 
insert into service 
values ('BK01072027', 'pack1', 'TMH1', 'Kham tai', 50000); 
insert into service 
values ('BK01072027', 'pack1', 'TMH2', 'Kham mui', 50000); 
insert into service 
values ('BK01072027', 'pack1', 'TMH3', 'Kham hong', 50000); 
insert into service 
values ('BK01072027', 'pack1', 'RHM', 'Kham rang ham mat', 150000); 
 
insert into service 
values ('BK01072028', 'pack1', 'TMH1', 'Kham tai', 50000); 
insert into service 
values ('BK01072028', 'pack1', 'TMH2', 'Kham mui', 50000); 
insert into service 
values ('BK01072028', 'pack1', 'TMH3', 'Kham hong', 50000); 
insert into service 
values ('BK01072028', 'pack1', 'RHM', 'Kham rang ham mat', 150000); 
 
insert into service 
values ('BK02072029', 'pack1', 'TMH1', 'Kham tai', 50000); 
insert into service 
values ('BK02072029', 'pack1', 'TMH2', 'Kham mui', 50000); 
insert into service 
values ('BK02072029', 'pack1', 'TMH3', 'Kham hong', 50000); 
insert into service 
values ('BK02072029', 'pack1', 'RHM', 'Kham rang ham mat', 150000); 
 
 
insert into service 
values ('BK02072030', 'pack1', 'TMH1', 'Kham tai', 50000); 
insert into service 
values ('BK02072030', 'pack1', 'TMH2', 'Kham mui', 50000); 
insert into service 
values ('BK02072030', 'pack1', 'TMH3', 'Kham hong', 50000); 
insert into service 
values ('BK02072030', 'pack1', 'RHM', 'Kham rang ham mat', 150000); 
 
insert into service 
values ('BK09072026', 'pack1', 'TMH1', 'Kham tai', 50000); 
insert into service 
values ('BK09072026', 'pack1', 'TMH2', 'Kham mui', 50000); 
insert into service 
values ('BK09072026', 'pack1', 'TMH3', 'Kham hong', 50000); 
insert into service 
values ('BK09072026', 'pack1', 'RHM', 'Kham rang ham mat', 150000); 
 
insert into service 
values ('BK0907206', 'pack1', 'TMH1', 'Kham tai', 50000); 
insert into service 
values ('BK0907206', 'pack1', 'TMH2', 'Kham mui', 50000); 
insert into service 
values ('BK0907206', 'pack1', 'TMH3', 'Kham hong', 50000); 
insert into service 
values ('BK0907206', 'pack1', 'RHM', 'Kham rang ham mat', 150000); 
 
insert into service 
values ('BK0907205', 'pack1', 'TMH1', 'Kham tai', 50000); 
insert into service 
values ('BK0907205', 'pack1', 'TMH2', 'Kham mui', 50000); 
insert into service 
values ('BK0907205', 'pack1', 'TMH3', 'Kham hong', 50000); 
insert into service 
values ('BK0907205', 'pack1', 'RHM', 'Kham rang ham mat', 150000); 
 
insert into service 
values ('BK1907208', 'pack4', 'TM1', 'Dien tim', 100000); 
insert into service 
values ('BK1907208', 'pack4', 'TM2', 'X-quang', 120000); 
insert into service 
values ('BK1907208', 'pack4', 'TM3', 'Xet nghiem mau', 300000); 
 
insert into service 
values ('BK20072011', 'pack4', 'TM1', 'Dien tim', 100000); 
insert into service 
values ('BK20072011', 'pack4', 'TM2', 'X-quang', 120000); 
insert into service 
values ('BK20072011', 'pack4', 'TM3', 'Xet nghiem mau', 300000); 
 
insert into service 
values ('BK20072012', 'pack3', 'CXK', 'Co xuong khop', 200000); 
insert into service 
values ('BK20072012', 'pack3', 'DL', 'Da lieu', 150000); 
 
insert into service 
values ('BK21072017', 'pack2', 'M1', 'Sieu am nhan cau', 100000); 
insert into service 
values ('BK21072017', 'pack2', 'M2', 'Do thi luc', 800000); 
 
insert into service 
values ('BK21072031', 'pack1', 'TMH1', 'Kham tai', 50000); 
insert into service 
values ('BK21072031', 'pack1', 'TMH2', 'Kham mui', 50000); 
insert into service 
values ('BK21072031', 'pack1', 'TMH3', 'Kham hong', 50000); 
insert into service 
values ('BK21072031', 'pack1', 'RHM', 'Kham rang ham mat', 150000); 
 
insert into service 
values ('BK22072032', 'pack3', 'CXK', 'Co xuong khop', 200000); 
insert into service 
values ('BK22072032', 'pack3', 'DL', 'Da lieu', 150000); 
 
 
insert into service 
values ('BK30072033', 'pack4', 'TM1', 'Dien tim', 100000); 
insert into service 
values ('BK30072033', 'pack4', 'TM2', 'X-quang', 120000); 
insert into service 
values ('BK30072033', 'pack4', 'TM3', 'Xet nghiem mau', 300000); 
 
insert into service 
values ('BK30072034', 'pack4', 'TM1', 'Dien tim', 100000); 
insert into service 
values ('BK30072034', 'pack4', 'TM2', 'X-quang', 120000); 
insert into service 
values ('BK30072034', 'pack4', 'TM3', 'Xet nghiem mau', 300000); 
 
insert into service 
values ('BK12082036', 'pack3', 'CXK', 'Co xuong khop', 200000); 
insert into service 
values ('BK12082036', 'pack3', 'DL', 'Da lieu', 150000); 
 
insert into service 
values ('BK12082035', 'pack3', 'CXK', 'Co xuong khop', 200000); 
insert into service 
values ('BK12082035', 'pack3', 'DL', 'Da lieu', 150000); 
 
insert into service 
values ('BK12082037', 'pack3', 'CXK', 'Co xuong khop', 200000); 
insert into service 
values ('BK12082037', 'pack3', 'DL', 'Da lieu', 150000); 
 
insert into service 
values ('BK12082038', 'pack3', 'CXK', 'Co xuong khop', 200000); 
insert into service 
values ('BK12082038', 'pack3', 'DL', 'Da lieu', 150000); 
 
insert into service 
values ('BK13082039', 'pack3', 'CXK', 'Co xuong khop', 200000); 
insert into service 
values ('BK13082039', 'pack3', 'DL', 'Da lieu', 150000); 
 
insert into service 
values ('BK13082040', 'pack4', 'TM1', 'Dien tim', 100000); 
insert into service 
values ('BK13082040', 'pack4', 'TM2', 'X-quang', 120000); 
insert into service 
values ('BK13082040', 'pack4', 'TM3', 'Xet nghiem mau', 300000); 
 
insert into service 
values ('BK20082015', 'pack4', 'TM1', 'Dien tim', 100000); 
insert into service 
values ('BK20082015', 'pack4', 'TM2', 'X-quang', 120000); 
insert into service 
values ('BK20082015', 'pack4', 'TM3', 'Xet nghiem mau', 300000); 
 
insert into service 
values ('BK21082017', 'pack4', 'TM1', 'Dien tim', 100000); 
insert into service 
values ('BK21082017', 'pack4', 'TM2', 'X-quang', 120000); 
insert into service 
values ('BK21082017', 'pack4', 'TM3', 'Xet nghiem mau', 300000); 
 
insert into service 
values ('BK21082019', 'pack3', 'CXK', 'Co xuong khop', 200000); 
insert into service 
values ('BK21082019', 'pack3', 'DL', 'Da lieu', 150000); 
 
insert into service 
values ('BK07092027', 'pack4', 'TM1', 'Dien tim', 100000); 
insert into service 
values ('BK07092027', 'pack4', 'TM2', 'X-quang', 120000); 
insert into service 
values ('BK07092027', 'pack4', 'TM3', 'Xet nghiem mau', 300000); 
 
insert into service 
values ('BK08092026', 'pack4', 'TM1', 'Dien tim', 100000); 
insert into service 
values ('BK08092026', 'pack4', 'TM2', 'X-quang', 120000); 
insert into service 
values ('BK08092026', 'pack4', 'TM3', 'Xet nghiem mau', 300000); 
 
insert into service 
values ('BK0909208', 'pack1', 'TMH1', 'Kham tai', 50000); 
insert into service 
values ('BK0909208', 'pack1', 'TMH2', 'Kham mui', 50000); 
insert into service 
values ('BK0909208', 'pack1', 'TMH3', 'Kham hong', 50000); 
insert into service 
values ('BK0909208', 'pack1', 'RHM', 'Kham rang ham mat', 150000); 
 
insert into service 
values ('BK09092017', 'pack1', 'TMH1', 'Kham tai', 50000); 
insert into service 
values ('BK09092017', 'pack1', 'TMH2', 'Kham mui', 50000); 
insert into service 
values ('BK09092017', 'pack1', 'TMH3', 'Kham hong', 50000); 
insert into service 
values ('BK09092017', 'pack1', 'RHM', 'Kham rang ham mat', 150000); 
 
insert into service 
values ('BK10092033', 'pack1', 'TMH1', 'Kham tai', 50000); 
insert into service 
values ('BK10092033', 'pack1', 'TMH2', 'Kham mui', 50000); 
insert into service 
values ('BK10092033', 'pack1', 'TMH3', 'Kham hong', 50000); 
insert into service 
values ('BK10092033', 'pack1', 'RHM', 'Kham rang ham mat', 150000); 
 
insert into service 
values ('BK1809203', 'pack3', 'CXK', 'Co xuong khop', 200000); 
insert into service 
values ('BK1809203', 'pack3', 'DL', 'Da lieu', 150000); 
 
insert into service 
values ('BK1909207', 'pack3', 'CXK', 'Co xuong khop', 200000); 
insert into service 
values ('BK1909207', 'pack3', 'DL', 'Da lieu', 150000); 
 
 
insert into service 
values ('BK20092012', 'pack3', 'CXK', 'Co xuong khop', 200000); 
insert into service 
values ('BK20092012', 'pack3', 'DL', 'Da lieu', 150000); 
 
insert into service 
values ('BK21092017', 'pack3', 'CXK', 'Co xuong khop', 200000); 
insert into service 
values ('BK21092017', 'pack3', 'DL', 'Da lieu', 150000); 
 
insert into service 
values ('BK22092021', 'pack3', 'CXK', 'Co xuong khop', 200000); 
insert into service 
values ('BK22092021', 'pack3', 'DL', 'Da lieu', 150000); 
 
insert into service 
values ('BK23092023', 'pack1', 'TMH1', 'Kham tai', 50000); 
insert into service 
values ('BK23092023', 'pack1', 'TMH2', 'Kham mui', 50000); 
insert into service 
values ('BK23092023', 'pack1', 'TMH3', 'Kham hong', 50000); 
insert into service 
values ('BK23092023', 'pack1', 'RHM', 'Kham rang ham mat', 150000); 
 
insert into service 
values ('BK23092025', 'pack2', 'M1', 'Sieu am nhan cau', 100000); 
insert into service 
values ('BK23092025', 'pack2', 'M2', 'Do thi luc', 800000); 
 
insert into service 
values ('BK25092028', 'pack4', 'TM1', 'Dien tim', 100000); 
insert into service 
values ('BK25092028', 'pack4', 'TM2', 'X-quang', 120000); 
insert into service 
values ('BK25092028', 'pack4', 'TM3', 'Xet nghiem mau', 300000); 
 
 
 
 
 
 
 
 
 
insert into test 
values ('NDHTM1','BK1606201', 'pack4', 'TM1', '120/80', 'huyet ap binh thuong'); 
insert into test 
values ('SMLTM2','BK1606201', 'pack4', 'TM2', 'bt', 'Binh thuong'); 
insert into test 
values ('NNTTM3','BK1606201', 'pack4', 'TM3', 'LYM 35%', 'Suy tuyen thuong than'); 
 
insert into test 
values ('DDLM1','BK1806202', 'pack2', 'M1', 'bt', 'binh thuong'); 
insert into test 
values ('PNAM2','BK1806202', 'pack2', 'M2', '4/10', 'can thi'); 
 
insert into test 
values ('HTNTTM1',  'BK1806203', 'pack4', 'TM1', '130/80', 'huyet ap binh thuong'); 
insert into test 
values ('SMLTM2', 'BK1806203', 'pack4', 'TM2', 'bt', 'binh thuong'); 
insert into test 
values ('NNTTM3', 'BK1806203', 'pack4', 'TM3', 'HGB = 20', 'thieu nuoc'); 
 
insert into test 
values ('JDCXK', 'BK1606205', 'pack3', 'CXK', 'bt', 'binh thuong'); 
insert into test 
values ('LVHDL', 'BK1606205', 'pack3', 'DL', 'bt', 'di ung nhe'); 
insert into test 
values ('JDCXK', 'BK1606204', 'pack3', 'CXK', 'bt', 'binh thuong'); 
insert into test 
values ('LVHDL','BK1606204', 'pack3', 'DL', 'bt', 'binh thuong'); 
 
insert into test 
values ('NDHTM1', 'BK1606206', 'pack4', 'TM1', '100/70', 'huyet ap thap'); 
insert into test 
values ('SMLTM2', 'BK1606206', 'pack4', 'TM2', 'bt', 'binh thuong'); 
insert into test 
values ('NNTTM3', 'BK1606206', 'pack4', 'TM3', 'bt', 'binh thuong'); 
 
insert into test 
values ('PMTMH1', 'BK1906207', 'pack1', 'TMH1', 'day tai uot', 'viem tai giua'); 
insert into test 
values ('EHSTMH2', 'BK1906207', 'pack1', 'TMH2', 'bt', 'binh thuong'); 
insert into test 
values ('JCSTMH3', 'BK1906207', 'pack1', 'TMH3', 'bt', 'binh thuong'); 
insert into test 
values ('NTLRHM','BK1906207', 'pack1', 'RHM', 'bt', 'binh thuong'); 
 
insert into test 
values ('ERDTMH1', 'BK1906208', 'pack1', 'TMH1', 'bt', 'binh thuong'); 
insert into test 
values ('HKKTMH2', 'BK1906208', 'pack1', 'TMH2', 'xoang mui co mu', 'di ung thoi tiet'); 
insert into test 
values ('JCSTMH3', 'BK1906208', 'pack1', 'TMH3', 'bt', 'binh thuong'); 
insert into test 
values ('NTLRHM', 'BK1906208', 'pack1', 'RHM', 'bt', 'binh thuong'); 
 
insert into test 
values ('NDHTM1', 'BK1906209', 'pack4', 'TM1', '123/78', 'binh thuong'); 
insert into test 
values ('NTNATM3', 'BK1906209', 'pack4', 'TM2', 'bt', 'binh thuong'); 
insert into test 
values ('NNTTM3', 'BK1906209', 'pack4', 'TM3', 'bt', 'binh thuong'); 
 
insert into test 
values ('NNTCXK', 'BK1906209', 'pack3', 'CXK', 'bt', 'binh thuong'); 
insert into test 
values ('LVHDL', 'BK1906209', 'pack3', 'DL', 'bt', 'binh thuong'); 
 
insert into test 
values ('DTLM1', 'BK1906209', 'pack2', 'M1', 'bt', 'binh thuong'); 
insert into test 
values ('TDUM2', 'BK1906209', 'pack2', 'M2', '8/10', 'binh thuong'); 
 
insert into test 
values ('PMTMH1', 'BK1906209', 'pack1', 'TMH1', 'bt', 'binh thuong'); 
insert into test 
values ('EHSTMH2', 'BK1906209', 'pack1', 'TMH2', 'bt', 'binh thuong'); 
insert into test 
values ('JCSTMH3','BK1906209', 'pack1', 'TMH3', 'sung amidan', 'viem amidan'); 
insert into test 
values ('VTNRHM', 'BK1906209', 'pack1', 'RHM', 'loi trum rang so 32', 'binh thuong'); 
 
insert into test 
values ('NDHTM1', 'BK19062010', 'pack4', 'TM1', '133/83', 'binh thuong'); 
insert into test 
values ('SMLTM2', 'BK19062010', 'pack4', 'TM2', 'bt', 'binh thuong'); 
insert into test 
values ('NNTTM3', 'BK19062010', 'pack4', 'TM3', 'bt', 'binh thuong'); 
 
insert into test 
values ('DTLM1', 'BK2006201', 'pack2', 'M1', 'bt', 'binh thuong'); 
insert into test 
values ('TDUM2', 'BK2006201', 'pack2', 'M2', '8.5/10', 'binh thuong'); 
 
insert into test 
values ('DDLM1', 'BK20062011', 'pack2', 'M1', 'bt', 'binh thuong'); 
insert into test 
values ('PNAM2', 'BK20062011', 'pack2', 'M2', '3/10', 'can thi'); 
 
insert into test 
values ('JDCXK', 'BK20062012', 'pack3', 'CXK', 'bt', 'binh thuong'); 
insert into test 
values ('LVHDL', 'BK20062012', 'pack3', 'DL', 'bt', 'binh thuong'); 
 
insert into test 
values ('HTNTTM1', 'BK20062013', 'pack4', 'TM1', '160/90', 'huyet ap cao'); 
insert into test 
values ('NTNATM3', 'BK20062013', 'pack4', 'TM2', 'bt', 'binh thuong'); 
insert into test 
values ('NNTTM3', 'BK20062013', 'pack4', 'TM3', 'HCT = 40%', 'thieu mau'); 
 
insert into test 
values ('ERDTMH1', 'BK20062014', 'pack1', 'TMH1', 'bt', 'binh thuong'); 
insert into test 
values ('HKKTMH2','BK20062014', 'pack1', 'TMH2', 'bt', 'binh thuong'); 
insert into test 
values ('JCSTMH3', 'BK20062014', 'pack1', 'TMH3', 'bt', 'binh thuong'); 
insert into test 
values ('VTNRHM', 'BK20062014', 'pack1', 'RHM', 'bt', 'binh thuong'); 
 
insert into test 
values ('PMTMH1', 'BK20062015', 'pack1', 'TMH1', 'bt', 'binh thuong'); 
insert into test 
values ('EHSTMH2', 'BK20062015', 'pack1', 'TMH2', 'bt', 'binh thuong'); 
insert into test 
values ('JCSTMH3', 'BK20062015', 'pack1', 'TMH3', 'bt', 'binh thuong'); 
insert into test 
values ('VTNRHM', 'BK20062015', 'pack1', 'RHM', 'chay mau loi', 'viem loi'); 
 
insert into test 
values ('PMTMH1', 'BK21062016', 'pack1', 'TMH1', 'bt', 'binh thuong'); 
insert into test 
values ('EHSTMH2', 'BK21062016', 'pack1', 'TMH2', 'bt', 'binh thuong'); 
insert into test 
values ('JCSTMH3', 'BK21062016', 'pack1', 'TMH3', 'bt', 'binh thuong'); 
insert into test 
values ('NTLRHM','BK21062016', 'pack1', 'RHM', 'bt', 'binh thuong'); 
 
insert into test 
values ('NDHTM1', 'BK21062017', 'pack4', 'TM1', '124/74', 'binh thuong'); 
insert into test 
values ('SMLTM2', 'BK21062017', 'pack4', 'TM2', 'bt', 'binh thuong'); 
insert into test 
values ('NNTTM3', 'BK21062017', 'pack4', 'TM3', 'bt', 'binh thuong'); 
 
insert into test 
values ('HTNTTM1', 'BK21062018', 'pack4', 'TM1', '127/80', 'binh thuong'); 
insert into test 
values ('NTNATM3','BK21062018', 'pack4', 'TM2', 'bt', 'binh thuong'); 
insert into test 
values ('NNTTM3','BK21062018', 'pack4', 'TM3', 'HBG = 22', ' thieu nuoc'); 
 
insert into test 
values ('DTLM1', 'BK21062019', 'pack2', 'M1', 'bt', 'binh thuong'); 
insert into test 
values ('TDUM2', 'BK21062019', 'pack2', 'M2', '7.5/10', 'binh thuong'); 
 
insert into test 
values ('NDHTM1','BK22062020', 'pack4', 'TM1', '166/72', 'binh thuong'); 
insert into test 
values ('SMLTM2', 'BK22062020', 'pack4', 'TM2', 'bt', 'binh thuong'); 
insert into test 
values ('NNTTM3', 'BK22062020', 'pack4', 'TM3', 'bt', 'binh thuong'); 
 
insert into test 
values ('NNTCXK', 'BK22062021', 'pack3', 'CXK', 'bt', 'binh thuong'); 
insert into test 
values ('LVHDL', 'BK22062021', 'pack3', 'DL', 'bt', 'binh thuong'); 
 
insert into test 
values ('NNTCXK','BK22062022', 'pack3', 'CXK', 'bt', 'binh thuong'); 
insert into test 
values ('LVHDL', 'BK22062022', 'pack3', 'DL', 'tu huyet duoi da', 'thieu vitamin'); 
 
insert into test 
values ('NNTCXK','BK23062023', 'pack3', 'CXK', 'Tran dich khop', 'viem khop dau goi'); 
insert into test 
values ('LVHDL','BK23062023', 'pack3', 'DL', 'bt', 'binh thuong'); 
 
insert into test 
values ('NNTCXK','BK23062024', 'pack3', 'CXK', 'Khop dau goi sung, viem', 'Viem khop dang thap'); 
insert into test 
values ('LVHDL','BK23062024', 'pack3', 'DL', 'bt', 'binh thuong'); 
 
insert into test 
values ('NNTCXK','BK23062025', 'pack3', 'CXK', 'bt', 'binh thuong'); 
insert into test 
values ('LVHDL','BK23062025', 'pack3', 'DL', 'bt', 'binh thuong'); 
 
insert into test 
values ('NNTCXK','BK3006201', 'pack3', 'CXK', 'bt', 'binh thuong'); 
insert into test 
values ('LVHDL','BK3006201', 'pack3', 'DL', 'kich ung da', 'di ung con trung dot'); 
 
insert into test 
values ('ERDTMH1', 'BK01072026', 'pack1', 'TMH1', 'bt', 'binh thuong'); 
insert into test 
values ('HKKTMH2', 'BK01072026', 'pack1', 'TMH2', 'bt', 'binh thuong'); 
insert into test 
values ('JCSTMH3', 'BK01072026', 'pack1', 'TMH3', 'loet niem mac loi', 'thieu vitamin'); 
insert into test 
values ('NTLRHM', 'BK01072026', 'pack1', 'RHM', 'bt', 'binh thuong'); 
 
insert into test 
values ('PMTMH1', 'BK01072027', 'pack1', 'TMH1', 'bt', 'binh thuong'); 
insert into test 
values ('EHSTMH2', 'BK01072027', 'pack1', 'TMH2', 'bt', 'binh thuong'); 
insert into test 
values ('JCSTMH3', 'BK01072027', 'pack1', 'TMH3', 'bt', 'binh thuong'); 
insert into test 
values ('NTLRHM', 'BK01072027', 'pack1', 'RHM', 'bt', 'binh thuong'); 
 
insert into test 
values ('PMTMH1','BK01072028', 'pack1', 'TMH1', 'bt', 'binh thuong'); 
insert into test 
values ('EHSTMH2', 'BK01072028', 'pack1', 'TMH2', 'bt', 'binh thuong'); 
insert into test 
values ('JCSTMH3', 'BK01072028', 'pack1', 'TMH3', 'bt', 'binh thuong'); 
insert into test 
values ('NTLRHM', 'BK01072028', 'pack1', 'RHM', 'rang cua moc lech', 'ham doi'); 
 
insert into test 
values ('ERDTMH1', 'BK02072029', 'pack1', 'TMH1', 'bt', 'binh thuong'); 
insert into test 
values ('HKKTMH2', 'BK02072029', 'pack1', 'TMH2', 'bt', 'binh thuong'); 
insert into test 
values ('JCSTMH3', 'BK02072029', 'pack1', 'TMH3', 'bt', 'binh thuong'); 
insert into test 
values ('VTNRHM', 'BK02072029', 'pack1', 'RHM', 'bt', 'binh thuong'); 
 
 
insert into test 
values ('PMTMH1', 'BK02072030', 'pack1', 'TMH1', 'bt', 'binh thuong'); 
insert into test 
values ('EHSTMH2', 'BK02072030', 'pack1', 'TMH2', 'bt', 'binh thuong'); 
insert into test 
values ('JCSTMH3', 'BK02072030', 'pack1', 'TMH3', 'bt', 'binh thuong'); 
insert into test 
values ('NTLRHM', 'BK02072030', 'pack1', 'RHM', 'bt', 'binh thuong'); 
 
insert into test 
values ('PMTMH1','BK09072026', 'pack1', 'TMH1', 'bt', 'binh thuong'); 
insert into test 
values ('EHSTMH2','BK09072026', 'pack1', 'TMH2', 'bt', 'binh thuong'); 
insert into test 
values ('JCSTMH3','BK09072026', 'pack1', 'TMH3', 'bt', 'binh thuong'); 
insert into test 
values ('NTLRHM', 'BK09072026', 'pack1', 'RHM', 'bt', 'binh thuong'); 
 
insert into test 
values ('PMTMH1','BK0907206', 'pack1', 'TMH1', 'bt', 'binh thuong'); 
insert into test 
values ('EHSTMH2','BK0907206', 'pack1', 'TMH2', 'bt', 'binh thuong'); 
insert into test 
values ('JCSTMH3','BK0907206', 'pack1', 'TMH3', 'bt', 'binh thuong'); 
insert into test 
values ('NTLRHM', 'BK0907206', 'pack1', 'RHM', 'bt', 'binh thuong'); 
 
insert into test 
values ('PMTMH1','BK0907205', 'pack1', 'TMH1', 'bt', 'binh thuong'); 
insert into test 
values ('EHSTMH2','BK0907205', 'pack1', 'TMH2', 'bt', 'binh thuong'); 
insert into test 
values ('JCSTMH3','BK0907205', 'pack1', 'TMH3', 'bt', 'binh thuong'); 
insert into test 
values ('NTLRHM', 'BK0907205', 'pack1', 'RHM', 'bt', 'binh thuong'); 
 
insert into test 
values ('HTNTTM1','BK1907208', 'pack4', 'TM1', '140/70', 'huyet ap cao'); 
insert into test 
values ('NTNATM3', 'BK1907208', 'pack4', 'TM2', 'bt', 'binh thuong'); 
insert into test 
values ('NNTTM3', 'BK1907208', 'pack4', 'TM3', 'bt', 'binh thuong'); 
 
insert into test 
values ('HTNTTM1','BK20072011', 'pack4', 'TM1', '130/75', 'binh thuong'); 
insert into test 
values ('NTNATM3','BK20072011', 'pack4', 'TM2', 'bt', 'binh thuong'); 
insert into test 
values ('NNTTM3', 'BK20072011', 'pack4', 'TM3', 'bt', 'binh thuong'); 
 
insert into test 
values ('JDCXK', 'BK20072012', 'pack3', 'CXK', 'bt', 'binh thuong'); 
insert into test 
values ('LVHDL', 'BK20072012', 'pack3', 'DL', 'bt', 'binh thuong'); 
 
insert into test 
values ('DTLM1', 'BK21072017', 'pack2', 'M1', 'bt', 'binh thuong'); 
insert into test 
values ('TDUM2', 'BK21072017', 'pack2', 'M2', '9/10', 'binh thuong'); 
 
insert into test 
values ('ERDTMH1', 'BK21072031', 'pack1', 'TMH1', 'bt', 'binh thuong'); 
insert into test 
values ('HKKTMH2', 'BK21072031', 'pack1', 'TMH2', 'bt', 'binh thuong'); 
insert into test 
values ('JCSTMH3', 'BK21072031', 'pack1', 'TMH3', 'bt', 'binh thuong'); 
insert into test 
values ('VTNRHM', 'BK21072031', 'pack1', 'RHM', 'bt', 'binh thuong'); 
 
insert into test 
values ('JDCXK', 'BK22072032', 'pack3', 'CXK', 'bt', 'binh thuong'); 
insert into test 
values ('LVHDL', 'BK22072032', 'pack3', 'DL', 'bt', 'binh thuong'); 
 
 
insert into test 
values ('NDHTM1', 'BK30072033', 'pack4', 'TM1', '142/80', 'cao huyet ap'); 
insert into test 
values ('SMLTM2', 'BK30072033', 'pack4', 'TM2', 'bt', 'binh thuong'); 
insert into test 
values ('NNTTM3', 'BK30072033', 'pack4', 'TM3', 'bt', 'binh thuong'); 
 
insert into test 
values ('NDHTM1','BK30072034', 'pack4', 'TM1', '166/72', 'binh thuong'); 
insert into test 
values ('SMLTM2','BK30072034', 'pack4', 'TM2', 'bt', 'binh thuong'); 
insert into test 
values ('NNTTM3', 'BK30072034', 'pack4', 'TM3', 'EOS = 10%','Nhiem ki sinh trung'); 
 
insert into test 
values ('NNTCXK', 'BK12082036', 'pack3', 'CXK', 'bt', 'binh thuong'); 
insert into test 
values ('LVHDL', 'BK12082036', 'pack3', 'DL', 'bt', 'binh thuong'); 
 
insert into test 
values ('NNTCXK','BK12082035', 'pack3', 'CXK', 'bt', 'binh thuong'); 
insert into test 
values ('LVHDL', 'BK12082035', 'pack3', 'DL', 'bt', 'binh thuong'); 
 
insert into test 
values ('NNTCXK','BK12082037', 'pack3', 'CXK', 'bt', 'binh thuong'); 
insert into test 
values ('LVHDL', 'BK12082037', 'pack3', 'DL', 'bt', 'binh thuong'); 
 
insert into test 
values ('NNTCXK','BK12082038', 'pack3', 'CXK', 'bt', 'binh thuong'); 
insert into test 
values ('LVHDL', 'BK12082038', 'pack3', 'DL', 'bt', 'binh thuong'); 
 
insert into test 
values ('NNTCXK','BK13082039', 'pack3', 'CXK', 'bt', 'binh thuong'); 
insert into test 
values ('LVHDL', 'BK13082039', 'pack3', 'DL', 'bt', 'binh thuong'); 
 
insert into test 
values ('HTNTTM1', 'BK13082040', 'pack4', 'TM1', '100/65', 'huyet ap thap'); 
insert into test 
values ('NTNATM3', 'BK13082040', 'pack4', 'TM2', 'bt', 'binh thuong'); 
insert into test 
values ('NNTTM3', 'BK13082040', 'pack4', 'TM3', 'bt', 'binh thuong'); 
 
insert into test 
values ('HTNTTM1','BK20082015', 'pack4', 'TM1', '114/72', 'binh thuong'); 
insert into test 
values ('NTNATM3','BK20082015', 'pack4', 'TM2', 'bt', 'binh thuong'); 
insert into test 
values ('NNTTM3', 'BK20082015', 'pack4', 'TM3', 'bt', 'binh thuong'); 
 
insert into test 
values ('HTNTTM1','BK21082017', 'pack4', 'TM1', '150/90', 'cao huyet ap'); 
insert into test 
values ('NTNATM3','BK21082017', 'pack4', 'TM2', 'bt', 'binh thuong'); 
insert into test 
values ('NNTTM3', 'BK21082017', 'pack4', 'TM3', 'bt', 'binh thuong'); 
 
insert into test 
values ('NNTCXK', 'BK21082019', 'pack3', 'CXK', 'bt', 'binh thuong'); 
insert into test 
values ('LVHDL', 'BK21082019', 'pack3', 'DL', 'bt', 'binh thuong'); 
 
insert into test 
values ('NDHTM1', 'BK07092027', 'pack4', 'TM1', '140/80', 'binh thuong'); 
insert into test 
values ('SMLTM2', 'BK07092027', 'pack4', 'TM2', 'bt', 'binh thuong'); 
insert into test 
values ('NNTTM3', 'BK07092027', 'pack4', 'TM3', 'bt', 'binh thuong'); 
 
insert into test 
values ('NDHTM1', 'BK08092026', 'pack4', 'TM1', '120/70', 'binh thuong'); 
insert into test 
values ('SMLTM2','BK08092026', 'pack4', 'TM2', 'bt', 'binh thuong'); 
insert into test 
values ('NNTTM3','BK08092026', 'pack4', 'TM3', 'bt', 'binh thuong'); 
 
insert into test 
values ('HTNTTM1', 'BK0909208', 'pack1', 'TMH1', 'bt', 'binh thuong'); 
insert into test 
values ('NTNATM3', 'BK0909208', 'pack1', 'TMH2', 'bt', 'binh thuong'); 
insert into test 
values ('JCSTMH3', 'BK0909208', 'pack1', 'TMH3', 'bt', 'binh thuong'); 
insert into test 
values ('NTLRHM', 'BK0909208', 'pack1', 'RHM', 'bt', 'binh thuong'); 
 
insert into test 
values ('HTNTTM1','BK09092017', 'pack1', 'TMH1', 'bt', 'binh thuong'); 
insert into test 
values ('NTNATM3','BK09092017', 'pack1', 'TMH2', 'bt', 'binh thuong'); 
insert into test 
values ('JCSTMH3','BK09092017', 'pack1', 'TMH3', 'bt', 'binh thuong'); 
insert into test 
values ('NTLRHM', 'BK09092017', 'pack1', 'RHM', 'bt', 'binh thuong'); 
 
insert into test 
values ('PMTMH1', 'BK10092033', 'pack1', 'TMH1', 'bt', 'binh thuong'); 
insert into test 
values ('EHSTMH2', 'BK10092033', 'pack1', 'TMH2', 'bt', 'binh thuong'); 
insert into test 
values ('JCSTMH3', 'BK10092033', 'pack1', 'TMH3', 'bt', 'binh thuong'); 
insert into test 
values ('NTLRHM', 'BK10092033', 'pack1', 'RHM', 'bt', 'binh thuong'); 
 
insert into test 
values ('JDCXK', 'BK1809203', 'pack3', 'CXK', 'bt', 'binh thuong'); 
insert into test 
values ('LVHDL', 'BK1809203', 'pack3', 'DL', 'bt', 'di ung'); 
 
insert into test 
values ('NNTCXK', 'BK1909207', 'pack3', 'CXK', 'bt', 'binh thuong'); 
insert into test 
values ('LVHDL', 'BK1909207', 'pack3', 'DL', 'bt', 'di ung'); 
 
 
insert into test 
values ('NNTCXK', 'BK20092012', 'pack3', 'CXK', 'bt', 'binh thuong'); 
insert into test 
values ('LVHDL', 'BK20092012', 'pack3', 'DL', 'bt', 'di ung'); 
 
insert into test 
values ('NNTCXK', 'BK21092017', 'pack3', 'CXK', 'bt', 'binh thuong'); 
insert into test 
values ('LVHDL', 'BK21092017', 'pack3', 'DL', 'bt', 'binh thuong'); 
 
insert into test 
values ('NNTCXK', 'BK22092021', 'pack3', 'CXK', 'bt', 'binh thuong'); 
insert into test 
values ('LVHDL', 'BK22092021', 'pack3', 'DL', 'bt', 'binh thuong'); 
 
insert into test 
values ('PMTMH1', 'BK23092023', 'pack1', 'TMH1', 'Nhieu ray tai','Viem tai do kem ve sinh'); 
insert into test 
values ('EHSTMH2', 'BK23092023', 'pack1', 'TMH2', 'bt', 'binh thuong'); 
insert into test 
values ('JCSTMH3', 'BK23092023', 'pack1', 'TMH3', 'bt', 'binh thuong'); 
insert into test 
values ('NTLRHM', 'BK23092023', 'pack1', 'RHM', 'bt', 'binh thuong'); 
 
insert into test 
values ('DDLM1', 'BK23092025', 'pack2', 'M1', 'bt', 'binh thuong'); 
insert into test 
values ('PNAM2', 'BK23092025', 'pack2', 'M2', '4/10', 'can thi'); 
 
insert into test 
values ('NDHTM1', 'BK25092028', 'pack4', 'TM1', '130/80', 'binh thuong'); 
insert into test 
values ('SMLTM2', 'BK25092028', 'pack4', 'TM2', 'bt', 'binh thuong'); 
insert into test 
values ('NNTTM3', 'BK25092028', 'pack4', 'TM3', 'bt', 'binh thuong'); 
 
 
 
 
 
insert into final_form 
values ('GMDK2','BK1606201','', 'Suy tuyen thuong than do ruou bia', 'Statin 40mg 2 vien sang toi', 'kieng ruou bia, ăn nhieu rau xanh, kham lai sau 2 tuan'); 
 
insert into final_form 
values ('GMDK2','BK1806202','', 'Can thi', 'Eyetamin nho mat 2 lan/ngay', 'Han che su dung thiet bị dien tu'); 
 
insert into final_form 
values ('HXDK1',  'BK1806203','', 'Thieu nuoc thoi gian dai','Khong', 'Uong bo sung nuoc'); 
 
insert into final_form 
values ('HXDK1', 'BK1606205', '','kich ung da muc do nhe', 'steroid boi da ngay 2 lan', 'boi thuoc deu, theo doi'); 
 
insert into final_form 
values ('GMDK2', 'BK1606206', '','huyet ap thap', 'hapanix ngay 2 vien sau an trua', 'an uong du chat'); 
 
insert into final_form 
values ('GMDK2', 'BK1906207','', 'Viem tai giua', 'Ofloxacin hoac Ciprofloxacin nho tai ngay 1 lan', 've sinh tai thuong xuyen, tranh nuoc vao tai'); 
 
insert into final_form 
values ('HXDK1', 'BK1906208','', 'Viem mui di ung', 'Nuoc muoi sinh li','ve sinh mui thuong xuyen'); 
 
insert into final_form 
values ('GMDK2','BK1906209', '','binh thuong', 'Eyetamin ngay nho 1 lan, alpha ngay ngam 4 vien chia 2 lan sang toi', 'tranh moi mat'); 
 
insert into final_form 
values ('HXDK1', 'BK19062010','', 'binh thuong', 'khong', 'khong'); 
 
insert into final_form 
values ('HXDK1', 'BK2006201','', 'binh thuong', 'khong', 'khong'); 
 
insert into final_form 
values ('GMDK2', 'BK20062011','', 'can thi', 'Vitamin A ', 'Han che su dung thiet bị dien tu, cat lai kinh'); 
 
insert into final_form 
values ('HXDK1', 'BK20062012', '','binh thuong', 'khong', 'khong'); 
 
insert into final_form 
values ('GMDK2', 'BK20062013','', 'thieu mau', 'khong', 'An bo sung sat, an nhieu thit do'); 
 
insert into final_form 
values ('HXDK1', 'BK20062014', '','binh thuong', 'khong', 'khong'); 
 
insert into final_form 
values ('GMDK2', 'BK20062015', '','viem loi', 'Alpha ngay 4 vien chia 2 lan', 'tang cuong ve sinh rang mieng'); 
 
insert into final_form 
values ('HXDK1', 'BK21062016','', 'binh thuong', 'khong', 'khong'); 
 
insert into final_form 
values ('HXDK1', 'BK21062017', '','binh thuong', 'khong', 'khong'); 
 
insert into final_form 
values ('GMDK2', 'BK21062018', '','thieu nuoc', 'khong', 'uong nhieu nuoc'); 
 
insert into final_form 
values ('HXDK1', 'BK21062019','', 'binh thuong', 'khong', 'khong'); 
 
insert into final_form 
values ('HXDK1','BK22062020','', 'binh thuong', 'khong', 'khong'); 
 
insert into final_form 
values ('HXDK1', 'BK22062021','', 'binh thuong', 'khong', 'khong'); 
 
insert into final_form 
values ('GMDK2','BK22062022', '','thieu vitamin', 'PP ngay 2 vien sau an trua', 'an bo sung hoa qua'); 
 
insert into final_form 
values ('HXDK1','BK23062023', '','viem khop dau goi', 'Oxacillin ngay 3 vien sau an', 'han che van dong manh, kham lai sau 2 thang'); 
 
insert into final_form 
values ('GMDK2','BK23062024', '','viem khop dang thap', ' Acetaminophen ngay 4 vien chia 2 lan','han che van dong manh'); 
 
insert into final_form 
values ('GMDK2','BK23062025','', 'binh thuong', 'khong', 'khong'); 
 
insert into final_form 
values ('GMDK2','BK3006201', '','di ung do con trung dot', 'Remos IB boi da ngay 2 lan', 'khong'); 
 
insert into final_form 
values ('HXDK1', 'BK01072026', '','thieu vitamin', 'khong', 'an bo sung hoa qua'); 
 
insert into final_form 
values ('HXDK1', 'BK01072027','', 'binh thuong', 'khong', 'khong'); 
 
insert into final_form 
values ('GMDK2','BK01072028', '','rang moc lech, ham doi', 'khong', 'can nhac viec nho rang, nieng rang'); 
 
insert into final_form 
values ('HXDK1', 'BK02072029', '','binh thuong', 'khong', 'khong'); 
 
 
insert into final_form 
values ('HXDK1', 'BK02072030','', 'binh thuong', 'khong', 'khong'); 
 
insert into final_form 
values ('GMDK2','BK09072026','', 'binh thuong', 'khong', 'khong'); 
 
insert into final_form 
values ('HXDK1','BK0907206','', 'binh thuong', 'khong', 'khong'); 
 
insert into final_form 
values ('HXDK1','BK0907205','', 'binh thuong', 'khong', 'khong'); 
 
insert into final_form 
values ('HXDK1','BK1907208', '','cao huyet ap', 'khong', 'han che an nhieu duong, dau mo, van dong nhe nhang'); 
 
insert into final_form 
values ('HXDK1','BK20072011', '','binh thuong', 'khong', 'khong'); 
 
insert into final_form 
values ('HXDK1', 'BK20072012','', 'binh thuong', 'khong', 'khong'); 
 
insert into final_form 
values ('HXDK1', 'BK21072017', '','binh thuong', 'khong', 'khong'); 
 
insert into final_form 
values ('GMDK2', 'BK21072031', '','binh thuong', 'khong', 'khong'); 
 
insert into final_form 
values ('HXDK1', 'BK22072032', '','binh thuong', 'khong', 'khong'); 
 
insert into final_form 
values ('HXDK1', 'BK30072033','', 'cao huyet ap', 'khong', 'han che an duong, dau mo'); 
 
insert into final_form 
values ('HXDK1','BK30072034','', 'nhiem ki sinh trung mau', 'Erythropoietin 3 mui/tuan', 'khong'); 
 
insert into final_form 
values ('HXDK1', 'BK12082036', '','binh thuong', 'khong', 'khong'); 
 
insert into final_form 
values ('GMDK2','BK12082035','', 'binh thuong', 'khong', 'khong'); 
 
insert into final_form 
values ('HXDK1','BK12082037','', 'binh thuong', 'khong', 'khong'); 
 
insert into final_form 
values ('HXDK1','BK12082038', '','binh thuong', 'khong', 'khong');; 
 
insert into final_form 
values ('HXDK1','BK13082039','','binh thuong', 'khong', 'khong'); 
 
insert into final_form 
values ('HXDK1', 'BK13082040','', 'huyet ap thap', 'khong', 'an bo sung sat, canxi va vitamin D'); 
 
insert into final_form 
values ('HXDK1','BK20082015', '','binh thuong', 'khong', 'khong'); 
 
insert into final_form 
values ('HXDK1','BK21082017','', 'cao huyet ap', 'Telmisartan (Micardis) ngay 2 vien', 'hạn che an do dau mo'); 
 
insert into final_form 
values ('HXDK1', 'BK21082019','', 'binh thuong', 'khong', 'khong'); 
 
insert into final_form 
values ('HXDK1', 'BK07092027','', 'binh thuong', 'khong', 'khong'); 
 
insert into final_form 
values ('HXDK1', 'BK08092026','', 'binh thuong', 'khong', 'khong'); 
 
insert into final_form 
values ('HXDK1', 'BK0909208', '','binh thuong', 'khong', 'khong'); 
 
insert into final_form 
values ('HXDK1','BK09092017', '','binh thuong', 'khong', 'khong'); 
 
insert into final_form 
values ('HXDK1', 'BK10092033','', 'binh thuong', 'khong', 'khong'); 
 
insert into final_form 
values ('HXDK1', 'BK1809203', '','binh thuong', 'khong', 'khong'); 
 
insert into final_form 
values ('GMDK2', 'BK1909207', '','binh thuong', 'khong', 'khong'); 
 
insert into final_form 
values ('HXDK1', 'BK20092012', '','binh thuong', 'khong', 'khong'); 
 
insert into final_form 
values ('HXDK1', 'BK21092017', '','binh thuong', 'khong', 'khong'); 
 
insert into final_form 
values ('GMDK2', 'BK22092021', '','binh thuong', 'khong', 'khong'); 
 
insert into final_form 
values ('GMDK2', 'BK23092023','', 'viem tai nhe', 'khong', 'tang cuong ve sinh, tranh nuoc vao tai'); 
 
insert into final_form 
values ('HXDK1', 'BK23092025','', 'can thi', 'vitamin A ngay 2 lan sang toi', 'cat kinh'); 
 
insert into final_form 
values ('GMDK2', 'BK25092028', '','binh thuong', 'khong', 'khong'); 
 
 
 
 
 
 
 
 
 
 
 
 
 
 
 
insert into drug 
values ('NDHTM1','BK1606201', 'pack4', 'TM1', 'khong', 'khong', 0); 
insert into drug 
values ('SMLTM2','BK1606201', 'pack4', 'TM2', 'khong', 'khong', 0); 
insert into drug 
values ('NNTTM3','BK1606201', 'pack4', 'TM3', 'Statin 40mg ', 'ngay 2 vien sang toi',150000); 
 
insert into drug 
values ('DDLM1','BK1806202', 'pack2', 'M1', 'khong', 'khong', 0); 
insert into drug 
values ('PNAM2','BK1806202', 'pack2', 'M2', 'Eyetamin', 'nho 2 lan/ngay', 80000); 
 
insert into drug 
values ('HTNTTM1',  'BK1806203', 'pack4', 'TM1', 'khong', 'khong', 0); 
insert into drug 
values ('SMLTM2', 'BK1806203', 'pack4', 'TM2', 'khong', 'khong', 0); 
insert into drug 
values ('NNTTM3', 'BK1806203', 'pack4', 'TM3', 'khong', 'khong', 0); 
 
insert into drug 
values ('JDCXK', 'BK1606205', 'pack3', 'CXK', 'khong', 'khong', 0); 
insert into drug 
values ('LVHDL', 'BK1606205', 'pack3', 'DL', 'steroid', 'boi da ngay 2 lan', 120000); 
insert into drug 
values ('JDCXK', 'BK1606204', 'pack3', 'CXK', 'khong', 'khong', 0); 
insert into drug 
values ('LVHDL','BK1606204', 'pack3', 'DL', 'khong', 'khong', 0); 
 
insert into drug 
values ('NDHTM1', 'BK1606206', 'pack4', 'TM1', 'hapanix', 'ngay 2 vien sau an trua', 215000); 
insert into drug 
values ('SMLTM2', 'BK1606206', 'pack4', 'TM2', 'khong', 'khong', 0); 
insert into drug 
values ('NNTTM3', 'BK1606206', 'pack4', 'TM3', 'khong', 'khong', 0); 
 
insert into drug 
values ('PMTMH1', 'BK1906207', 'pack1', 'TMH1', 'Ofloxacin', 'nho tai ngay 2 lan', 89000); 
insert into drug 
values ('EHSTMH2', 'BK1906207', 'pack1', 'TMH2', 'khong', 'khong', 0); 
insert into drug 
values ('JCSTMH3', 'BK1906207', 'pack1', 'TMH3', 'khong', 'khong', 0); 
insert into drug 
values ('NTLRHM','BK1906207', 'pack1', 'RHM', 'khong', 'khong', 0); 
 
insert into drug 
values ('ERDTMH1', 'BK1906208', 'pack1', 'TMH1', 'khong', 'khong', 0); 
insert into drug 
values ('HKKTMH2', 'BK1906208', 'pack1', 'TMH2', 'nuoc muoi sinh li', 'khong', 20000); 
insert into drug 
values ('JCSTMH3', 'BK1906208', 'pack1', 'TMH3', 'khong', 'khong', 0); 
insert into drug 
values ('NTLRHM', 'BK1906208', 'pack1', 'RHM', 'khong', 'khong', 0); 
 
insert into drug 
values ('NDHTM1', 'BK1906209', 'pack4', 'TM1', 'khong', 'khong', 0); 
insert into drug 
values ('NTNATM3', 'BK1906209', 'pack4', 'TM2', 'khong', 'khong', 0); 
insert into drug 
values ('NNTTM3', 'BK1906209', 'pack4', 'TM3', 'khong', 'khong', 0); 
 
insert into drug 
values ('NNTCXK', 'BK1906209', 'pack3', 'CXK', 'khong', 'khong', 0); 
insert into drug 
values ('LVHDL', 'BK1906209', 'pack3', 'DL', 'khong', 'khong', 0); 
 
insert into drug 
values ('DTLM1', 'BK1906209', 'pack2', 'M1', 'Eyetamin', 'Nho mat ngay 2 lan', 150000); 
insert into drug 
values ('TDUM2', 'BK1906209', 'pack2', 'M2', 'khong', 'khong', 0); 
 
insert into drug 
values ('PMTMH1', 'BK1906209', 'pack1', 'TMH1', 'khong', 'khong', 0); 
insert into drug 
values ('EHSTMH2', 'BK1906209', 'pack1', 'TMH2', 'khong', 'khong', 0); 
insert into drug 
values ('JCSTMH3','BK1906209', 'pack1', 'TMH3', 'Alpha', 'Ngay 4 vien chia 2 lan', 50000); 
insert into drug 
values ('VTNRHM', 'BK1906209', 'pack1', 'RHM', 'Alpha', 'ngay 2 vien sau an trua', 40000); 
 
insert into drug 
values ('NDHTM1', 'BK19062010', 'pack4', 'TM1', 'khong', 'khong', 0); 
insert into drug 
values ('SMLTM2', 'BK19062010', 'pack4', 'TM2', 'khong', 'khong', 0); 
insert into drug 
values ('NNTTM3', 'BK19062010', 'pack4', 'TM3', 'khong', 'khong', 0); 
 
insert into drug 
values ('DTLM1', 'BK2006201', 'pack2', 'M1', 'khong', 'khong', 0); 
insert into drug 
values ('TDUM2', 'BK2006201', 'pack2', 'M2', 'khong', 'khong', 0); 
 
insert into drug 
values ('DDLM1', 'BK20062011', 'pack2', 'M1', 'khong', 'khong', 0); 
insert into drug 
values ('PNAM2', 'BK20062011', 'pack2', 'M2', 'vitamin A', 'khong', 100000); 
 
insert into drug 
values ('JDCXK', 'BK20062012', 'pack3', 'CXK', 'khong', 'khong', 0); 
insert into drug 
values ('LVHDL', 'BK20062012', 'pack3', 'DL', 'khong', 'khong', 0); 
 
insert into drug 
values ('HTNTTM1', 'BK20062013', 'pack4', 'TM1', 'khong', 'khong', 0); 
insert into drug 
values ('NTNATM3', 'BK20062013', 'pack4', 'TM2', 'khong', 'khong', 0); 
insert into drug 
values ('NNTTM3', 'BK20062013', 'pack4', 'TM3', 'khong', 'khong', 0); 
 
insert into drug 
values ('ERDTMH1', 'BK20062014', 'pack1', 'TMH1', 'khong', 'khong', 0); 
insert into drug 
values ('HKKTMH2','BK20062014', 'pack1', 'TMH2', 'khong', 'khong', 0); 
insert into drug 
values ('JCSTMH3', 'BK20062014', 'pack1', 'TMH3', 'khong', 'khong', 0); 
insert into drug 
values ('VTNRHM', 'BK20062014', 'pack1', 'RHM', 'khong', 'khong', 0); 
 
insert into drug 
values ('PMTMH1', 'BK20062015', 'pack1', 'TMH1', 'khong', 'khong', 0); 
insert into drug 
values ('EHSTMH2', 'BK20062015', 'pack1', 'TMH2', 'khong', 'khong', 0); 
insert into drug 
values ('JCSTMH3', 'BK20062015', 'pack1', 'TMH3', 'khong', 'khong', 0); 
insert into drug 
values ('VTNRHM', 'BK20062015', 'pack1', 'RHM', 'Alpha', 'vngay 4 vien chia 2 lan', 60000); 
 
insert into drug 
values ('PMTMH1', 'BK21062016', 'pack1', 'TMH1', 'khong', 'khong', 0); 
insert into drug 
values ('EHSTMH2', 'BK21062016', 'pack1', 'TMH2', 'khong', 'khong', 0); 
insert into drug 
values ('JCSTMH3', 'BK21062016', 'pack1', 'TMH3', 'khong', 'khong', 0); 
insert into drug 
values ('NTLRHM','BK21062016', 'pack1', 'RHM', 'khong', 'khong', 0); 
 
insert into drug 
values ('NDHTM1', 'BK21062017', 'pack4', 'TM1', 'khong', 'khong', 0); 
insert into drug 
values ('SMLTM2', 'BK21062017', 'pack4', 'TM2', 'khong', 'khong', 0); 
insert into drug 
values ('NNTTM3', 'BK21062017', 'pack4', 'TM3', 'khong', 'khong', 0); 
 
insert into drug 
values ('HTNTTM1', 'BK21062018', 'pack4', 'TM1', 'khong', 'khong', 0); 
insert into drug 
values ('NTNATM3','BK21062018', 'pack4', 'TM2', 'khong', 'khong', 0); 
insert into drug 
values ('NNTTM3','BK21062018', 'pack4', 'TM3', 'khong', 'khong', 0); 
 
insert into drug 
values ('DTLM1', 'BK21062019', 'pack2', 'M1','khong', 'khong', 0); 
insert into drug 
values ('TDUM2', 'BK21062019', 'pack2', 'M2', 'khong', 'khong', 0); 
 
insert into drug 
values ('NDHTM1','BK22062020', 'pack4', 'TM1', 'khong', 'khong', 0); 
insert into drug 
values ('SMLTM2', 'BK22062020', 'pack4', 'TM2', 'khong', 'khong', 0); 
insert into drug 
values ('NNTTM3', 'BK22062020', 'pack4', 'TM3', 'khong', 'khong', 0); 
 
insert into drug 
values ('NNTCXK', 'BK22062021', 'pack3', 'CXK', 'khong', 'khong', 0); 
insert into drug 
values ('LVHDL', 'BK22062021', 'pack3', 'DL', 'khong', 'khong', 0); 
 
insert into drug 
values ('NNTCXK','BK22062022', 'pack3', 'CXK', 'khong', 'khong', 0); 
insert into drug 
values ('LVHDL', 'BK22062022', 'pack3', 'DL', 'vitamin PP', 'ngay 2 vien sau an trua', 24000); 
 
insert into drug 
values ('NNTCXK','BK23062023', 'pack3', 'CXK', 'Oxacillin', 'ngay 3 vien sau an', 172000); 
insert into drug 
values ('LVHDL','BK23062023', 'pack3', 'DL', 'khong', 'khong', 0); 
 
insert into drug 
values ('NNTCXK','BK23062024', 'pack3', 'CXK', 'Acetaminophen', 'Vingay 4 vien chia 2 lan', 200000); 
insert into drug 
values ('LVHDL','BK23062024', 'pack3', 'DL', 'khong', 'khong', 0); 
 
insert into drug 
values ('NNTCXK','BK23062025', 'pack3', 'CXK', 'khong', 'khong', 0); 
insert into drug 
values ('LVHDL','BK23062025', 'pack3', 'DL', 'khong', 'khong', 0); 
 
insert into drug 
values ('NNTCXK','BK3006201', 'pack3', 'CXK', 'khong', 'khong', 0); 
insert into drug 
values ('LVHDL','BK3006201', 'pack3', 'DL', 'Remos IB', 'boi da ngay 2 lan',0); 
 
insert into drug 
values ('ERDTMH1', 'BK01072026', 'pack1', 'TMH1', 'khong', 'khong', 0); 
insert into drug 
values ('HKKTMH2', 'BK01072026', 'pack1', 'TMH2', 'khong', 'khong', 0); 
insert into drug 
values ('JCSTMH3', 'BK01072026', 'pack1', 'TMH3', 'khong', 'khong', 0); 
insert into drug 
values ('NTLRHM', 'BK01072026', 'pack1', 'RHM', 'khong', 'khong', 0); 
 
insert into drug 
values ('PMTMH1', 'BK01072027', 'pack1', 'TMH1', 'khong', 'khong', 0); 
insert into drug 
values ('EHSTMH2', 'BK01072027', 'pack1', 'TMH2', 'khong', 'khong', 0); 
insert into drug 
values ('JCSTMH3', 'BK01072027', 'pack1', 'TMH3', 'khong', 'khong', 0); 
insert into drug 
values ('NTLRHM', 'BK01072027', 'pack1', 'RHM', 'khong', 'khong', 0); 
 
insert into drug 
values ('PMTMH1','BK01072028', 'pack1', 'TMH1', 'khong', 'khong', 0); 
insert into drug 
values ('EHSTMH2', 'BK01072028', 'pack1', 'TMH2', 'khong', 'khong', 0); 
insert into drug 
values ('JCSTMH3', 'BK01072028', 'pack1', 'TMH3', 'khong', 'khong', 0); 
insert into drug 
values ('NTLRHM', 'BK01072028', 'pack1', 'RHM', 'khong', 'khong', 0); 
 
insert into drug 
values ('ERDTMH1', 'BK02072029', 'pack1', 'TMH1', 'khong', 'khong', 0); 
insert into drug 
values ('HKKTMH2', 'BK02072029', 'pack1', 'TMH2', 'khong', 'khong', 0); 
insert into drug 
values ('JCSTMH3', 'BK02072029', 'pack1', 'TMH3', 'khong', 'khong', 0); 
insert into drug 
values ('VTNRHM', 'BK02072029', 'pack1', 'RHM', 'khong', 'khong', 0); 
 
 
insert into drug 
values ('PMTMH1', 'BK02072030', 'pack1', 'TMH1', 'khong', 'khong', 0); 
insert into drug 
values ('EHSTMH2', 'BK02072030', 'pack1', 'TMH2', 'khong', 'khong', 0); 
insert into drug 
values ('JCSTMH3', 'BK02072030', 'pack1', 'TMH3', 'khong', 'khong', 0); 
insert into drug 
values ('NTLRHM', 'BK02072030', 'pack1', 'RHM', 'khong', 'khong', 0); 
 
insert into drug 
values ('PMTMH1','BK09072026', 'pack1', 'TMH1', 'khong', 'khong', 0); 
insert into drug 
values ('EHSTMH2','BK09072026', 'pack1', 'TMH2', 'khong', 'khong', 0); 
insert into drug 
values ('JCSTMH3','BK09072026', 'pack1', 'TMH3', 'khong', 'khong', 0); 
insert into drug 
values ('NTLRHM', 'BK09072026', 'pack1', 'RHM', 'khong', 'khong', 0); 
 
insert into drug 
values ('PMTMH1','BK0907206', 'pack1', 'TMH1', 'khong', 'khong', 0); 
insert into drug 
values ('EHSTMH2','BK0907206', 'pack1', 'TMH2', 'khong', 'khong', 0); 
insert into drug 
values ('JCSTMH3','BK0907206', 'pack1', 'TMH3', 'khong', 'khong', 0); 
insert into drug 
values ('NTLRHM', 'BK0907206', 'pack1', 'RHM', 'khong', 'khong', 0); 
 
insert into drug 
values ('PMTMH1','BK0907205', 'pack1', 'TMH1', 'khong', 'khong', 0); 
insert into drug 
values ('EHSTMH2','BK0907205', 'pack1', 'TMH2', 'khong', 'khong', 0); 
insert into drug 
values ('JCSTMH3','BK0907205', 'pack1', 'TMH3', 'khong', 'khong', 0); 
insert into drug 
values ('NTLRHM', 'BK0907205', 'pack1', 'RHM', 'khong', 'khong', 0); 
 
insert into drug 
values ('HTNTTM1','BK1907208', 'pack4', 'TM1', 'khong', 'khong', 0); 
insert into drug 
values ('NTNATM3', 'BK1907208', 'pack4', 'TM2', 'khong', 'khong', 0); 
insert into drug 
values ('NNTTM3', 'BK1907208', 'pack4', 'TM3', 'khong', 'khong', 0); 
 
insert into drug 
values ('HTNTTM1','BK20072011', 'pack4', 'TM1', 'khong', 'khong', 0); 
insert into drug 
values ('NTNATM3','BK20072011', 'pack4', 'TM2', 'khong', 'khong', 0); 
insert into drug 
values ('NNTTM3', 'BK20072011', 'pack4', 'TM3', 'khong', 'khong', 0); 
 
insert into drug 
values ('JDCXK', 'BK20072012', 'pack3', 'CXK', 'khong', 'khong', 0); 
insert into drug 
values ('LVHDL', 'BK20072012', 'pack3', 'DL','khong', 'khong', 0); 
 
insert into drug 
values ('DTLM1', 'BK21072017', 'pack2', 'M1', 'khong', 'khong', 0); 
insert into drug 
values ('TDUM2', 'BK21072017', 'pack2', 'M2', 'khong', 'khong', 0); 
 
insert into drug 
values ('ERDTMH1', 'BK21072031', 'pack1', 'TMH1', 'khong', 'khong', 0); 
insert into drug 
values ('HKKTMH2', 'BK21072031', 'pack1', 'TMH2', 'khong', 'khong', 0); 
insert into drug 
values ('JCSTMH3', 'BK21072031', 'pack1', 'TMH3', 'khong', 'khong', 0); 
insert into drug 
values ('VTNRHM', 'BK21072031', 'pack1', 'RHM', 'khong', 'khong', 0); 
 
insert into drug 
values ('JDCXK', 'BK22072032', 'pack3', 'CXK', 'khong', 'khong', 0); 
insert into drug 
values ('LVHDL', 'BK22072032', 'pack3', 'DL', 'khong', 'khong', 0); 
 
 
insert into drug 
values ('NDHTM1', 'BK30072033', 'pack4', 'TM1', 'khong', 'khong', 0); 
insert into drug 
values ('SMLTM2', 'BK30072033', 'pack4', 'TM2', 'khong', 'khong', 0); 
insert into drug 
values ('NNTTM3', 'BK30072033', 'pack4', 'TM3', 'khong', 'khong', 0); 
 
insert into drug 
values ('NDHTM1','BK30072034', 'pack4', 'TM1', 'khong', 'khong', 0); 
insert into drug 
values ('SMLTM2','BK30072034', 'pack4', 'TM2', 'khong', 'khong', 0); 
insert into drug 
values ('NNTTM3', 'BK30072034', 'pack4', 'TM3', 'Erythropoietin','tiem 3 mui/tuan', 1000000); 
 
insert into drug 
values ('NNTCXK', 'BK12082036', 'pack3', 'CXK', 'khong', 'khong', 0); 
insert into drug 
values ('LVHDL', 'BK12082036', 'pack3', 'DL', 'khong', 'khong', 0); 
 
insert into drug 
values ('NNTCXK','BK12082035', 'pack3', 'CXK', 'khong', 'khong', 0); 
insert into drug 
values ('LVHDL', 'BK12082035', 'pack3', 'DL', 'khong', 'khong', 0); 
 
insert into drug 
values ('NNTCXK','BK12082037', 'pack3', 'CXK', 'khong', 'khong', 0); 
insert into drug 
values ('LVHDL', 'BK12082037', 'pack3', 'DL', 'khong', 'khong', 0); 
 
insert into drug 
values ('NNTCXK','BK12082038', 'pack3', 'CXK', 'khong', 'khong', 0); 
insert into drug 
values ('LVHDL', 'BK12082038', 'pack3', 'DL','khong', 'khong', 0); 
 
insert into drug 
values ('NNTCXK','BK13082039', 'pack3', 'CXK', 'khong', 'khong', 0); 
insert into drug 
values ('LVHDL', 'BK13082039', 'pack3', 'DL', 'khong', 'khong', 0); 
 
insert into drug 
values ('HTNTTM1', 'BK13082040', 'pack4', 'TM1', 'khong', 'khong', 0); 
insert into drug 
values ('NTNATM3', 'BK13082040', 'pack4', 'TM2', 'khong', 'khong', 0); 
insert into drug 
values ('NNTTM3', 'BK13082040', 'pack4', 'TM3', 'khong', 'khong', 0); 
 
insert into drug 
values ('HTNTTM1','BK20082015', 'pack4', 'TM1', 'khong', 'khong', 0); 
insert into drug 
values ('NTNATM3','BK20082015', 'pack4', 'TM2', 'khong', 'khong', 0); 
insert into drug 
values ('NNTTM3', 'BK20082015', 'pack4', 'TM3', 'khong', 'khong', 0); 
 
insert into drug 
values ('HTNTTM1','BK21082017', 'pack4', 'TM1', 'Telmisartan (Mircadis)', 'ngay 2 vien', 300000); 
insert into drug 
values ('NTNATM3','BK21082017', 'pack4', 'TM2', 'khong', 'khong', 0); 
insert into drug 
values ('NNTTM3', 'BK21082017', 'pack4', 'TM3', 'khong', 'khong', 0); 
 
insert into drug 
values ('NNTCXK', 'BK21082019', 'pack3', 'CXK', 'khong', 'khong', 0); 
insert into drug 
values ('LVHDL', 'BK21082019', 'pack3', 'DL', 'khong', 'khong', 0); 
 
insert into drug 
values ('NDHTM1', 'BK07092027', 'pack4', 'TM1', 'khong', 'khong', 0); 
insert into drug 
values ('SMLTM2', 'BK07092027', 'pack4', 'TM2', 'khong', 'khong', 0); 
insert into drug 
values ('NNTTM3', 'BK07092027', 'pack4', 'TM3', 'khong', 'khong', 0); 
 
insert into drug 
values ('NDHTM1', 'BK08092026', 'pack4', 'TM1', 'khong', 'khong', 0); 
insert into drug 
values ('SMLTM2','BK08092026', 'pack4', 'TM2', 'khong', 'khong', 0); 
insert into drug 
values ('NNTTM3','BK08092026', 'pack4', 'TM3', 'khong', 'khong', 0); 
 
insert into drug 
values ('HTNTTM1', 'BK0909208', 'pack1', 'TMH1', 'khong', 'khong', 0); 
insert into drug 
values ('NTNATM3', 'BK0909208', 'pack1', 'TMH2', 'khong', 'khong', 0); 
insert into drug 
values ('JCSTMH3', 'BK0909208', 'pack1', 'TMH3', 'khong', 'khong', 0); 
insert into drug 
values ('NTLRHM', 'BK0909208', 'pack1', 'RHM', 'khong', 'khong', 0); 
 
insert into drug 
values ('HTNTTM1','BK09092017', 'pack1', 'TMH1', 'khong', 'khong', 0); 
insert into drug 
values ('NTNATM3','BK09092017', 'pack1', 'TMH2', 'khong', 'khong', 0); 
insert into drug 
values ('JCSTMH3','BK09092017', 'pack1', 'TMH3', 'khong', 'khong', 0); 
insert into drug 
values ('NTLRHM', 'BK09092017', 'pack1', 'RHM', 'khong', 'khong', 0); 
 
insert into drug 
values ('PMTMH1', 'BK10092033', 'pack1', 'TMH1', 'khong', 'khong', 0); 
insert into drug 
values ('EHSTMH2', 'BK10092033', 'pack1', 'TMH2', 'khong', 'khong', 0); 
insert into drug 
values ('JCSTMH3', 'BK10092033', 'pack1', 'TMH3', 'khong', 'khong', 0); 
insert into drug 
values ('NTLRHM', 'BK10092033', 'pack1', 'RHM', 'khong', 'khong', 0); 
 
insert into drug 
values ('JDCXK', 'BK1809203', 'pack3', 'CXK', 'khong', 'khong', 0); 
insert into drug 
values ('LVHDL', 'BK1809203', 'pack3', 'DL', 'khong', 'khong', 0); 
 
insert into drug 
values ('NNTCXK', 'BK1909207', 'pack3', 'CXK', 'khong', 'khong', 0); 
insert into drug 
values ('LVHDL', 'BK1909207', 'pack3', 'DL', 'khong', 'khong', 0); 
 
 
insert into drug 
values ('NNTCXK', 'BK20092012', 'pack3', 'CXK', 'khong', 'khong', 0); 
insert into drug 
values ('LVHDL', 'BK20092012', 'pack3', 'DL', 'khong', 'khong', 0); 
 
insert into drug 
values ('NNTCXK', 'BK21092017', 'pack3', 'CXK', 'khong', 'khong', 0); 
insert into drug 
values ('LVHDL', 'BK21092017', 'pack3', 'DL', 'khong', 'khong', 0); 
 
insert into drug 
values ('NNTCXK', 'BK22092021', 'pack3', 'CXK', 'khong', 'khong', 0); 
insert into drug 
values ('LVHDL', 'BK22092021', 'pack3', 'DL', 'khong', 'khong', 0); 
 
insert into drug 
values ('PMTMH1', 'BK23092023', 'pack1', 'TMH1', 'khong', 'khong', 0); 
insert into drug 
values ('EHSTMH2', 'BK23092023', 'pack1', 'TMH2', 'khong', 'khong', 0); 
insert into drug 
values ('JCSTMH3', 'BK23092023', 'pack1', 'TMH3', 'khong', 'khong', 0); 
insert into drug 
values ('NTLRHM', 'BK23092023', 'pack1', 'RHM', 'khong', 'khong', 0); 
 
insert into drug 
values ('DDLM1', 'BK23092025', 'pack2', 'M1', 'khong', 'khong', 0); 
insert into drug 
values ('PNAM2', 'BK23092025', 'pack2', 'M2', 'vitamin A', 'ngay 2 lan sang toi', 140000); 
 
insert into drug 
values ('NDHTM1', 'BK25092028', 'pack4', 'TM1', 'khong', 'khong', 0); 
insert into drug 
values ('SMLTM2', 'BK25092028', 'pack4', 'TM2', 'khong', 'khong', 0); 
insert into drug 
values ('NNTTM3', 'BK25092028', 'pack4', 'TM3', 'khong', 'khong', 0); 